"Time","0-5EWwdZB7qCCMaAso5Mzcks4UUcPxKYvpAj32t5Mg1v6HSxoF-maker"
2026-06-13 18:02:30,0.000751
2026-06-13 18:03:00,0.000751
2026-06-13 18:03:30,0.000751
2026-06-13 18:04:00,0.000751
2026-06-13 18:04:30,0.000769
2026-06-13 18:05:00,0.000769
2026-06-13 18:05:30,0.000769
2026-06-13 18:06:00,0.000461
2026-06-13 18:06:30,0.000461
2026-06-13 18:07:00,0.000461
2026-06-13 18:07:30,0.000410
2026-06-13 18:08:00,0.000410
2026-06-13 18:08:30,0.000410
2026-06-13 18:09:00,0.000445
2026-06-13 18:09:30,0.000445
2026-06-13 18:10:00,0.000445
2026-06-13 18:10:30,0.000445
2026-06-13 18:11:00,0.000445
2026-06-13 18:11:30,0.000445
2026-06-13 18:12:00,0.000570
2026-06-13 18:12:30,0.000570
2026-06-13 18:13:00,0.000570
2026-06-13 18:13:30,0.000557
2026-06-13 18:14:00,0.000557
2026-06-13 18:14:30,0.000557
2026-06-13 18:15:00,0.000557
2026-06-13 18:15:30,0.000557
2026-06-13 18:16:00,0.000557
2026-06-13 18:16:30,0.000557
2026-06-13 18:17:00,0.000557
2026-06-13 18:17:30,0.000557
2026-06-13 18:18:00,0.000665
2026-06-13 18:18:30,0.000665
2026-06-13 18:19:00,0.000665
2026-06-13 18:19:30,0.000596
2026-06-13 18:20:00,0.000596
2026-06-13 18:20:30,0.000596
2026-06-13 18:21:00,0.000178
2026-06-13 18:21:30,0.000178
2026-06-13 18:22:00,0.000178
2026-06-13 18:22:30,0.000277
2026-06-13 18:23:00,0.000277
2026-06-13 18:23:30,0.000277
2026-06-13 18:24:00,0.000277
2026-06-13 18:24:30,0.000277
2026-06-13 18:25:00,0.000277
2026-06-13 18:25:30,0.000277
2026-06-13 18:26:00,0.000277
2026-06-13 18:26:30,0.000277
2026-06-13 18:27:00,0.000277
2026-06-13 18:27:30,0.000277
2026-06-13 18:28:00,0.000277
2026-06-13 18:28:30,0.000277
2026-06-13 18:29:00,0.000277
2026-06-13 18:29:30,0.000277
2026-06-13 18:30:00,0.000277
2026-06-13 18:30:30,0.000277
2026-06-13 18:31:00,0.000277
2026-06-13 18:31:30,0.000277
2026-06-13 18:32:00,0.000277
2026-06-13 18:32:30,0.000277
2026-06-13 18:33:00,0.000277
2026-06-13 18:33:30,0.000277
2026-06-13 18:34:00,0.000277
2026-06-13 18:34:30,0.000277
2026-06-13 18:35:00,0.000277
2026-06-13 18:35:30,0.000277
2026-06-13 18:36:00,0.000277
2026-06-13 18:36:30,0.000277
2026-06-13 18:37:00,0.000277
2026-06-13 18:37:30,0.000277
2026-06-13 18:38:00,0.000277
2026-06-13 18:38:30,0.000277
2026-06-13 18:39:00,0.000277
2026-06-13 18:39:30,0.000277
2026-06-13 18:40:00,0.000277
2026-06-13 18:40:30,0.000277
2026-06-13 18:41:00,0.000277
2026-06-13 18:41:30,0.000277
2026-06-13 18:42:00,0.000277
2026-06-13 18:42:30,0.000277
2026-06-13 18:43:00,0.000277
2026-06-13 18:43:30,0.000277
2026-06-13 18:44:00,0.000277
2026-06-13 18:44:30,0.000277
2026-06-13 18:45:00,0.000277
2026-06-13 18:45:30,0.000277
2026-06-13 18:46:00,0.000277
2026-06-13 18:46:30,0.000277
2026-06-13 18:47:00,0.000277
2026-06-13 18:47:30,0.000277
2026-06-13 18:48:00,0.000277
2026-06-13 18:48:30,0.000277
2026-06-13 18:49:00,0.000277
2026-06-13 18:49:30,0.000277
2026-06-13 18:50:00,0.000277
2026-06-13 18:50:30,0.000277
2026-06-13 18:51:00,0.000227
2026-06-13 18:51:30,0.000227
2026-06-13 18:52:00,0.000227
2026-06-13 18:52:30,0.000886
2026-06-13 18:53:00,0.000886
2026-06-13 18:53:30,0.000886
2026-06-13 18:54:00,0.000895
2026-06-13 18:54:30,0.000895
2026-06-13 18:55:00,0.000895
2026-06-13 18:55:30,0.000661
2026-06-13 18:56:00,0.000661
2026-06-13 18:56:30,0.000661
2026-06-13 18:57:00,0.000778
2026-06-13 18:57:30,0.000778
2026-06-13 18:58:00,0.000778
2026-06-13 18:58:30,0.000778
2026-06-13 18:59:00,0.000778
2026-06-13 18:59:30,0.000778
2026-06-13 19:00:00,0.000778
2026-06-13 19:00:30,0.000778
2026-06-13 19:01:00,0.000778
2026-06-13 19:01:30,0.000778
2026-06-13 19:02:00,0.000778
2026-06-13 19:02:30,0.000778
2026-06-13 19:03:00,0.000778
2026-06-13 19:03:30,0.000778
2026-06-13 19:04:00,0.000778
2026-06-13 19:04:30,0.000778
2026-06-13 19:05:00,0.000778
2026-06-13 19:05:30,0.000778
2026-06-13 19:06:00,0.000778
2026-06-13 19:06:30,0.000778
2026-06-13 19:07:00,0.000778
2026-06-13 19:07:30,0.000778
2026-06-13 19:08:00,0.000778
2026-06-13 19:08:30,0.000778
2026-06-13 19:09:00,0.000778
2026-06-13 19:09:30,0.000778
2026-06-13 19:10:00,0.000778
2026-06-13 19:10:30,0.000778
2026-06-13 19:11:00,0.000778
2026-06-13 19:11:30,0.000778
2026-06-13 19:12:00,0.000778
2026-06-13 19:12:30,0.000778
2026-06-13 19:13:00,0.000778
2026-06-13 19:13:30,0.000778
2026-06-13 19:14:00,0.000778
2026-06-13 19:14:30,0.000778
2026-06-13 19:15:00,0.000695
2026-06-13 19:15:30,0.000695
2026-06-13 19:16:00,0.000695
2026-06-13 19:16:30,0.000695
2026-06-13 19:17:00,0.000695
2026-06-13 19:17:30,0.000695
2026-06-13 19:18:00,0.000516
2026-06-13 19:18:30,0.000516
2026-06-13 19:19:00,0.000516
2026-06-13 19:19:30,0.000298
2026-06-13 19:20:00,0.000298
2026-06-13 19:20:30,0.000298
2026-06-13 19:21:00,0.000298
2026-06-13 19:21:30,0.000298
2026-06-13 19:22:00,0.000298
2026-06-13 19:22:30,0.000298
2026-06-13 19:23:00,0.000298
2026-06-13 19:23:30,0.000298
2026-06-13 19:24:00,0.000298
2026-06-13 19:24:30,0.000298
2026-06-13 19:25:00,0.000298
2026-06-13 19:25:30,0.000298
2026-06-13 19:26:00,0.000298
2026-06-13 19:26:30,0.000298
2026-06-13 19:27:00,0.000298
2026-06-13 19:27:30,0.000298
2026-06-13 19:28:00,0.000298
2026-06-13 19:28:30,0.00107
2026-06-13 19:29:00,0.00107
2026-06-13 19:29:30,0.00107
2026-06-13 19:30:00,0.000496
2026-06-13 19:30:30,0.000496
2026-06-13 19:31:00,0.000496
2026-06-13 19:31:30,0.000660
2026-06-13 19:32:00,0.000660
2026-06-13 19:32:30,0.000660
2026-06-13 19:33:00,0.000660
2026-06-13 19:33:30,0.000660
2026-06-13 19:34:00,0.000660
2026-06-13 19:34:30,0.000529
2026-06-13 19:35:00,0.000529
2026-06-13 19:35:30,0.000529
2026-06-13 19:36:00,0.000830
2026-06-13 19:36:30,0.000830
2026-06-13 19:37:00,0.000830
2026-06-13 19:37:30,0.00126
2026-06-13 19:38:00,0.00126
2026-06-13 19:38:30,0.00126
2026-06-13 19:39:00,0.00114
2026-06-13 19:39:30,0.00114
2026-06-13 19:40:00,0.00114
2026-06-13 19:40:30,0.000632
2026-06-13 19:41:00,0.000632
2026-06-13 19:41:30,0.000632
2026-06-13 19:42:00,0.000669
2026-06-13 19:42:30,0.000669
2026-06-13 19:43:00,0.000669
2026-06-13 19:43:30,0.000602
2026-06-13 19:44:00,0.000602
2026-06-13 19:44:30,0.000602
2026-06-13 19:45:00,0.000602
2026-06-13 19:45:30,0.000602
2026-06-13 19:46:00,0.000602
2026-06-13 19:46:30,0.000602
2026-06-13 19:47:00,0.000602
2026-06-13 19:47:30,0.000602
2026-06-13 19:48:00,0.000602
2026-06-13 19:48:30,0.000602
2026-06-13 19:49:00,0.000602
2026-06-13 19:49:30,0.000602
2026-06-13 19:50:00,0.000602
2026-06-13 19:50:30,0.000602
2026-06-13 19:51:00,0.000602
2026-06-13 19:51:30,0.000602
2026-06-13 19:52:00,0.000602
2026-06-13 19:52:30,0.000602
2026-06-13 19:53:00,0.000602
2026-06-13 19:53:30,0.000602
2026-06-13 19:54:00,0.000602
2026-06-13 19:54:30,0.000602
2026-06-13 19:55:00,0.000602
2026-06-13 19:55:30,0.000602
2026-06-13 19:56:00,0.000602
2026-06-13 19:56:30,0.000602
2026-06-13 19:57:00,0.000602
2026-06-13 19:57:30,0.000602
2026-06-13 19:58:00,0.000602
2026-06-13 19:58:30,0.000602
2026-06-13 19:59:00,0.000602
2026-06-13 19:59:30,0.000602
2026-06-13 20:00:00,0.000602
2026-06-13 20:00:30,0.000602
2026-06-13 20:01:00,0.000602
2026-06-13 20:01:30,0.000602
2026-06-13 20:02:00,0.000602
2026-06-13 20:02:30,0.000602
2026-06-13 20:03:00,0.000602
2026-06-13 20:03:30,0.000602
2026-06-13 20:04:00,0.000602
2026-06-13 20:04:30,0.000602
2026-06-13 20:05:00,0.000602
2026-06-13 20:05:30,0.000602
2026-06-13 20:06:00,0.000602
2026-06-13 20:06:30,0.000602
2026-06-13 20:07:00,0.000602
2026-06-13 20:07:30,0.000602
2026-06-13 20:08:00,0.000602
2026-06-13 20:08:30,0.000602
2026-06-13 20:09:00,0.000602
2026-06-13 20:09:30,0.000602
2026-06-13 20:10:00,0.000602
2026-06-13 20:10:30,0.000602
2026-06-13 20:11:00,0.000602
2026-06-13 20:11:30,0.000602
2026-06-13 20:12:00,0.000602
2026-06-13 20:12:30,0.000602
2026-06-13 20:13:00,0.000602
2026-06-13 20:13:30,0.000602
2026-06-13 20:14:00,0.000602
2026-06-13 20:14:30,0.000602
2026-06-13 20:15:00,0.000602
2026-06-13 20:15:30,0.000602
2026-06-13 20:16:00,0.000602
2026-06-13 20:16:30,0.000602
2026-06-13 20:17:00,0.000602
2026-06-13 20:17:30,0.000602
2026-06-13 20:18:00,0.000602
2026-06-13 20:18:30,0.000602
2026-06-13 20:19:00,0.000602
2026-06-13 20:19:30,0.000602
2026-06-13 20:20:00,0.000602
2026-06-13 20:20:30,0.000602
2026-06-13 20:21:00,0.000453
2026-06-13 20:21:30,0.000453
2026-06-13 20:22:00,0.000453
2026-06-13 20:22:30,0.000241
2026-06-13 20:23:00,0.000241
2026-06-13 20:23:30,0.000241
2026-06-13 20:24:00,0.000373
2026-06-13 20:24:30,0.000373
2026-06-13 20:25:00,0.000373
2026-06-13 20:25:30,0.000225
2026-06-13 20:26:00,0.000225
2026-06-13 20:26:30,0.000225
2026-06-13 20:27:00,0.000351
2026-06-13 20:27:30,0.000351
2026-06-13 20:28:00,0.000351
2026-06-13 20:28:30,0.000408
2026-06-13 20:29:00,0.000408
2026-06-13 20:29:30,0.000408
2026-06-13 20:30:00,0.000364
2026-06-13 20:30:30,0.000364
2026-06-13 20:31:00,0.000364
2026-06-13 20:31:30,0.000315
2026-06-13 20:32:00,0.000315
2026-06-13 20:32:30,0.000315
2026-06-13 20:33:00,0.000401
2026-06-13 20:33:30,0.000401
2026-06-13 20:34:00,0.000401
2026-06-13 20:34:30,0.000401
2026-06-13 20:35:00,0.000401
2026-06-13 20:35:30,0.000401
2026-06-13 20:36:00,0.000563
2026-06-13 20:36:30,0.000563
2026-06-13 20:37:00,0.000563
2026-06-13 20:37:30,0.000550
2026-06-13 20:38:00,0.000550
2026-06-13 20:38:30,0.000550
2026-06-13 20:39:00,0.000550
2026-06-13 20:39:30,0.000550
2026-06-13 20:40:00,0.000550
2026-06-13 20:40:30,0.000550
2026-06-13 20:41:00,0.000550
2026-06-13 20:41:30,0.000550
2026-06-13 20:42:00,0.000550
2026-06-13 20:42:30,0.000550
2026-06-13 20:43:00,0.000550
2026-06-13 20:43:30,0.000568
2026-06-13 20:44:00,0.000568
2026-06-13 20:44:30,0.000568
2026-06-13 20:45:00,0.000393
2026-06-13 20:45:30,0.000393
2026-06-13 20:46:00,0.000393
2026-06-13 20:46:30,0.000370
2026-06-13 20:47:00,0.000370
2026-06-13 20:47:30,0.000370
2026-06-13 20:48:00,0.00101
2026-06-13 20:48:30,0.00101
2026-06-13 20:49:00,0.00101
2026-06-13 20:49:30,0.00101
2026-06-13 20:50:00,0.00101
2026-06-13 20:50:30,0.00101
2026-06-13 20:51:00,0.00114
2026-06-13 20:51:30,0.00114
2026-06-13 20:52:00,0.00114
2026-06-13 20:52:30,0.00121
2026-06-13 20:53:00,0.00121
2026-06-13 20:53:30,0.00121
2026-06-13 20:54:00,0.00121
2026-06-13 20:54:30,0.00121
2026-06-13 20:55:00,0.00121
2026-06-13 20:55:30,0.00121
2026-06-13 20:56:00,0.00121
2026-06-13 20:56:30,0.00121
2026-06-13 20:57:00,0.00121
2026-06-13 20:57:30,0.00121
2026-06-13 20:58:00,0.00121
2026-06-13 20:58:30,0.00121
2026-06-13 20:59:00,0.00121
2026-06-13 20:59:30,0.00121
2026-06-13 21:00:00,0.00121
2026-06-13 21:00:30,0.00121
2026-06-13 21:01:00,0.00121
2026-06-13 21:01:30,0.00121
2026-06-13 21:02:00,0.00121
2026-06-13 21:02:30,0.00121
2026-06-13 21:03:00,0.00121
2026-06-13 21:03:30,0.00121
2026-06-13 21:04:00,0.00121
2026-06-13 21:04:30,0.00104
2026-06-13 21:05:00,0.00104
2026-06-13 21:05:30,0.00104
2026-06-13 21:06:00,0.000827
2026-06-13 21:06:30,0.000827
2026-06-13 21:07:00,0.000827
2026-06-13 21:07:30,0.000319
2026-06-13 21:08:00,0.000319
2026-06-13 21:08:30,0.000319
2026-06-13 21:09:00,0.000371
2026-06-13 21:09:30,0.000371
2026-06-13 21:10:00,0.000371
2026-06-13 21:10:30,0.000523
2026-06-13 21:11:00,0.000523
2026-06-13 21:11:30,0.000523
2026-06-13 21:12:00,0.000720
2026-06-13 21:12:30,0.000720
2026-06-13 21:13:00,0.000720
2026-06-13 21:13:30,0.000720
2026-06-13 21:14:00,0.000720
2026-06-13 21:14:30,0.000720
2026-06-13 21:15:00,0.000478
2026-06-13 21:15:30,0.000478
2026-06-13 21:16:00,0.000478
2026-06-13 21:16:30,0.000430
2026-06-13 21:17:00,0.000430
2026-06-13 21:17:30,0.000430
2026-06-13 21:18:00,0.000415
2026-06-13 21:18:30,0.000415
2026-06-13 21:19:00,0.000415
2026-06-13 21:19:30,0.000848
2026-06-13 21:20:00,0.000848
2026-06-13 21:20:30,0.000848
2026-06-13 21:21:00,0.000753
2026-06-13 21:21:30,0.000753
2026-06-13 21:22:00,0.000753
2026-06-13 21:22:30,0.000753
2026-06-13 21:23:00,0.000753
2026-06-13 21:23:30,0.000753
2026-06-13 21:24:00,0.000674
2026-06-13 21:24:30,0.000674
2026-06-13 21:25:00,0.000674
2026-06-13 21:25:30,0.000926
2026-06-13 21:26:00,0.000926
2026-06-13 21:26:30,0.000926
2026-06-13 21:27:00,0.00104
2026-06-13 21:27:30,0.00104
2026-06-13 21:28:00,0.00104
2026-06-13 21:28:30,0.00102
2026-06-13 21:29:00,0.00102
2026-06-13 21:29:30,0.00102
2026-06-13 21:30:00,0.000723
2026-06-13 21:30:30,0.000723
2026-06-13 21:31:00,0.000723
2026-06-13 21:31:30,0.000655
2026-06-13 21:32:00,0.000655
2026-06-13 21:32:30,0.000655
2026-06-13 21:33:00,0.000822
2026-06-13 21:33:30,0.000822
2026-06-13 21:34:00,0.000822
2026-06-13 21:34:30,0.00117
2026-06-13 21:35:00,0.00117
2026-06-13 21:35:30,0.00117
2026-06-13 21:36:00,0.00128
2026-06-13 21:36:30,0.00128
2026-06-13 21:37:00,0.00128
2026-06-13 21:37:30,0.00128
2026-06-13 21:38:00,0.00128
2026-06-13 21:38:30,0.00128
2026-06-13 21:39:00,0.000364
2026-06-13 21:39:30,0.000364
2026-06-13 21:40:00,0.000364
2026-06-13 21:40:30,0.000383
2026-06-13 21:41:00,0.000383
2026-06-13 21:41:30,0.000383
2026-06-13 21:42:00,0.000474
2026-06-13 21:42:30,0.000474
2026-06-13 21:43:00,0.000474
2026-06-13 21:43:30,0.000472
2026-06-13 21:44:00,0.000472
2026-06-13 21:44:30,0.000472
2026-06-13 21:45:00,0.000742
2026-06-13 21:45:30,0.000742
2026-06-13 21:46:00,0.000742
2026-06-13 21:46:30,0.000126
2026-06-13 21:47:00,0.000126
2026-06-13 21:47:30,0.000126
2026-06-13 21:48:00,0.000336
2026-06-13 21:48:30,0.000336
2026-06-13 21:49:00,0.000336
2026-06-13 21:49:30,0.000598
2026-06-13 21:50:00,0.000598
2026-06-13 21:50:30,0.000598
2026-06-13 21:51:00,0.000598
2026-06-13 21:51:30,0.000598
2026-06-13 21:52:00,0.000598
2026-06-13 21:52:30,0.000722
2026-06-13 21:53:00,0.000722
2026-06-13 21:53:30,0.000722
2026-06-13 21:54:00,0.000722
2026-06-13 21:54:30,0.000722
2026-06-13 21:55:00,0.000722
2026-06-13 21:55:30,0.000722
2026-06-13 21:56:00,0.000722
2026-06-13 21:56:30,0.000722
2026-06-13 21:57:00,0.000443
2026-06-13 21:57:30,0.000443
2026-06-13 21:58:00,0.000443
2026-06-13 21:58:30,0.000443
2026-06-13 21:59:00,0.000443
2026-06-13 21:59:30,0.000443
2026-06-13 22:00:00,0.000443
2026-06-13 22:00:30,0.000443
2026-06-13 22:01:00,0.000443
2026-06-13 22:01:30,0.000443
2026-06-13 22:02:00,0.000443
2026-06-13 22:02:30,0.000443
2026-06-13 22:03:00,0.000443
2026-06-13 22:03:30,0.000443
2026-06-13 22:04:00,0.000443
2026-06-13 22:04:30,0.000443
2026-06-13 22:05:00,0.000443
2026-06-13 22:05:30,0.000443
2026-06-13 22:06:00,0.000443
2026-06-13 22:06:30,0.000443
2026-06-13 22:07:00,0.000443
2026-06-13 22:07:30,0.000443
2026-06-13 22:08:00,0.000443
2026-06-13 22:08:30,0.000443
2026-06-13 22:09:00,0.000443
2026-06-13 22:09:30,0.000443
2026-06-13 22:10:00,0.000443
2026-06-13 22:10:30,0.000443
2026-06-13 22:11:00,0.000443
2026-06-13 22:11:30,0.000443
2026-06-13 22:12:00,0.000443
2026-06-13 22:12:30,0.000443
2026-06-13 22:13:00,0.000443
2026-06-13 22:13:30,0.000443
2026-06-13 22:14:00,0.000443
2026-06-13 22:14:30,0.000443
2026-06-13 22:15:00,0.000443
2026-06-13 22:15:30,0.000443
2026-06-13 22:16:00,0.000443
2026-06-13 22:16:30,0.000443
2026-06-13 22:17:00,0.000443
2026-06-13 22:17:30,0.000443
2026-06-13 22:18:00,0.000443
2026-06-13 22:18:30,0.000443
2026-06-13 22:19:00,0.000443
2026-06-13 22:19:30,0.000443
2026-06-13 22:20:00,0.000443
2026-06-13 22:20:30,0.000443
2026-06-13 22:21:00,0.000443
2026-06-13 22:21:30,0.000443
2026-06-13 22:22:00,0.000443
2026-06-13 22:22:30,0.000443
2026-06-13 22:23:00,0.000443
2026-06-13 22:23:30,0.000443
2026-06-13 22:24:00,0.000443
2026-06-13 22:24:30,0.000443
2026-06-13 22:25:00,0.000443
2026-06-13 22:25:30,0.000443
2026-06-13 22:26:00,0.000443
2026-06-13 22:26:30,0.000443
2026-06-13 22:27:00,0.000443
2026-06-13 22:27:30,0.000443
2026-06-13 22:28:00,0.000443
2026-06-13 22:28:30,0.000443
2026-06-13 22:29:00,0.000443
2026-06-13 22:29:30,0.000443
2026-06-13 22:30:00,0.000835
2026-06-13 22:30:30,0.000835
2026-06-13 22:31:00,0.000835
2026-06-13 22:31:30,0.000835
2026-06-13 22:32:00,0.000835
2026-06-13 22:32:30,0.000835
2026-06-13 22:33:00,0.000835
2026-06-13 22:33:30,0.000835
2026-06-13 22:34:00,0.000835
2026-06-13 22:34:30,0.000256
2026-06-13 22:35:00,0.000256
2026-06-13 22:35:30,0.000256
2026-06-13 22:36:00,0.000291
2026-06-13 22:36:30,0.000291
2026-06-13 22:37:00,0.000291
2026-06-13 22:37:30,0.000291
2026-06-13 22:38:00,0.000291
2026-06-13 22:38:30,0.000291
2026-06-13 22:39:00,0.000261
2026-06-13 22:39:30,0.000261
2026-06-13 22:40:00,0.000261
2026-06-13 22:40:30,0.0000650
2026-06-13 22:41:00,0.0000650
2026-06-13 22:41:30,0.0000650
2026-06-13 22:42:00,0.000109
2026-06-13 22:42:30,0.000109
2026-06-13 22:43:00,0.000109
2026-06-13 22:43:30,0.000109
2026-06-13 22:44:00,0.000109
2026-06-13 22:44:30,0.000109
2026-06-13 22:45:00,0.000109
2026-06-13 22:45:30,0.000109
2026-06-13 22:46:00,0.000109
2026-06-13 22:46:30,0.000109
2026-06-13 22:47:00,0.000109
2026-06-13 22:47:30,0.000109
2026-06-13 22:48:00,0.000109
2026-06-13 22:48:30,0.000109
2026-06-13 22:49:00,0.000109
2026-06-13 22:49:30,0.000109
2026-06-13 22:50:00,0.000109
2026-06-13 22:50:30,0.000109
2026-06-13 22:51:00,0.000187
2026-06-13 22:51:30,0.000187
2026-06-13 22:52:00,0.000187
2026-06-13 22:52:30,0.000481
2026-06-13 22:53:00,0.000481
2026-06-13 22:53:30,0.000481
2026-06-13 22:54:00,0.000481
2026-06-13 22:54:30,0.000481
2026-06-13 22:55:00,0.000481
2026-06-13 22:55:30,0.000481
2026-06-13 22:56:00,0.000481
2026-06-13 22:56:30,0.000481
2026-06-13 22:57:00,0.000481
2026-06-13 22:57:30,0.000481
2026-06-13 22:58:00,0.000481
2026-06-13 22:58:30,0.000481
2026-06-13 22:59:00,0.000481
2026-06-13 22:59:30,0.000481
2026-06-13 23:00:00,0.000481
2026-06-13 23:00:30,0.000481
2026-06-13 23:01:00,0.000481
2026-06-13 23:01:30,0.000481
2026-06-13 23:02:00,0.000481
2026-06-13 23:02:30,0.000481
2026-06-13 23:03:00,0.000481
2026-06-13 23:03:30,0.000481
2026-06-13 23:04:00,0.000481
2026-06-13 23:04:30,0.000481
2026-06-13 23:05:00,0.000481
2026-06-13 23:05:30,0.000481
2026-06-13 23:06:00,0.000481
2026-06-13 23:06:30,0.000481
2026-06-13 23:07:00,0.000481
2026-06-13 23:07:30,0.000481
2026-06-13 23:08:00,0.000481
2026-06-13 23:08:30,0.000481
2026-06-13 23:09:00,0.000481
2026-06-13 23:09:30,0.000481
2026-06-13 23:10:00,0.000481
2026-06-13 23:10:30,0.000481
2026-06-13 23:11:00,0.000481
2026-06-13 23:11:30,0.000481
2026-06-13 23:12:00,0.000481
2026-06-13 23:12:30,0.000481
2026-06-13 23:13:00,0.000481
2026-06-13 23:13:30,0.000482
2026-06-13 23:14:00,0.000482
2026-06-13 23:14:30,0.000482
2026-06-13 23:15:00,0.000535
2026-06-13 23:15:30,0.000535
2026-06-13 23:16:00,0.000535
2026-06-13 23:16:30,0.000701
2026-06-13 23:17:00,0.000701
2026-06-13 23:17:30,0.000701
2026-06-13 23:18:00,0.000701
2026-06-13 23:18:30,0.000701
2026-06-13 23:19:00,0.000701
2026-06-13 23:19:30,0.000701
2026-06-13 23:20:00,0.000701
2026-06-13 23:20:30,0.000701
2026-06-13 23:21:00,0.000701
2026-06-13 23:21:30,0.000701
2026-06-13 23:22:00,0.000701
2026-06-13 23:22:30,0.000647
2026-06-13 23:23:00,0.000647
2026-06-13 23:23:30,0.000647
2026-06-13 23:24:00,0.000647
2026-06-13 23:24:30,0.000647
2026-06-13 23:25:00,0.000647
2026-06-13 23:25:30,0.000444
2026-06-13 23:26:00,0.000444
2026-06-13 23:26:30,0.000444
2026-06-13 23:27:00,0.000540
2026-06-13 23:27:30,0.000540
2026-06-13 23:28:00,0.000540
2026-06-13 23:28:30,0.000713
2026-06-13 23:29:00,0.000713
2026-06-13 23:29:30,0.000713
2026-06-13 23:30:00,0.000778
2026-06-13 23:30:30,0.000778
2026-06-13 23:31:00,0.000778
2026-06-13 23:31:30,0.000585
2026-06-13 23:32:00,0.000585
2026-06-13 23:32:30,0.000585
2026-06-13 23:33:00,0.000718
2026-06-13 23:33:30,0.000718
2026-06-13 23:34:00,0.000718
2026-06-13 23:34:30,0.000623
2026-06-13 23:35:00,0.000623
2026-06-13 23:35:30,0.000623
2026-06-13 23:36:00,0.000628
2026-06-13 23:36:30,0.000628
2026-06-13 23:37:00,0.000628
2026-06-13 23:37:30,0.000421
2026-06-13 23:38:00,0.000421
2026-06-13 23:38:30,0.000421
2026-06-13 23:39:00,0.000421
2026-06-13 23:39:30,0.000421
2026-06-13 23:40:00,0.000421
2026-06-13 23:40:30,0.000632
2026-06-13 23:41:00,0.000632
2026-06-13 23:41:30,0.000632
2026-06-13 23:42:00,0.000892
2026-06-13 23:42:30,0.000892
2026-06-13 23:43:00,0.000892
2026-06-13 23:43:30,0.000989
2026-06-13 23:44:00,0.000989
2026-06-13 23:44:30,0.000989
2026-06-13 23:45:00,0.000996
2026-06-13 23:45:30,0.000996
2026-06-13 23:46:00,0.000996
2026-06-13 23:46:30,0.000996
2026-06-13 23:47:00,0.000996
2026-06-13 23:47:30,0.000996
2026-06-13 23:48:00,0.000996
2026-06-13 23:48:30,0.000996
2026-06-13 23:49:00,0.000996
2026-06-13 23:49:30,0.000996
2026-06-13 23:50:00,0.000996
2026-06-13 23:50:30,0.000996
2026-06-13 23:51:00,0.000996
2026-06-13 23:51:30,0.000996
2026-06-13 23:52:00,0.000996
2026-06-13 23:52:30,0.000996
2026-06-13 23:53:00,0.000996
2026-06-13 23:53:30,0.000996
2026-06-13 23:54:00,0.000757
2026-06-13 23:54:30,0.000757
2026-06-13 23:55:00,0.000757
2026-06-13 23:55:30,0.000757
2026-06-13 23:56:00,0.000757
2026-06-13 23:56:30,0.000757
2026-06-13 23:57:00,0.000757
2026-06-13 23:57:30,0.000757
2026-06-13 23:58:00,0.000757
2026-06-13 23:58:30,0.000757
2026-06-13 23:59:00,0.000757
2026-06-13 23:59:30,0.000757
2026-06-14 00:00:00,0.000757
2026-06-14 00:00:30,0.000757
2026-06-14 00:01:00,0.000757
2026-06-14 00:01:30,0.000757
2026-06-14 00:02:00,0.000757
2026-06-14 00:02:30,0.000757
2026-06-14 00:03:00,0.000757
2026-06-14 00:03:30,0.000757
2026-06-14 00:04:00,0.000757
2026-06-14 00:04:30,0.000757
2026-06-14 00:05:00,0.000757
2026-06-14 00:05:30,0.000757
2026-06-14 00:06:00,0.000348
2026-06-14 00:06:30,0.000348
2026-06-14 00:07:00,0.000348
2026-06-14 00:07:30,0.000348
2026-06-14 00:08:00,0.000348
2026-06-14 00:08:30,0.000348
2026-06-14 00:09:00,0.000414
2026-06-14 00:09:30,0.000414
2026-06-14 00:10:00,0.000414
2026-06-14 00:10:30,0.000432
2026-06-14 00:11:00,0.000432
2026-06-14 00:11:30,0.000432
2026-06-14 00:12:00,0.000486
2026-06-14 00:12:30,0.000486
2026-06-14 00:13:00,0.000486
2026-06-14 00:13:30,0.000782
2026-06-14 00:14:00,0.000782
2026-06-14 00:14:30,0.000782
2026-06-14 00:15:00,0.000773
2026-06-14 00:15:30,0.000773
2026-06-14 00:16:00,0.000773
2026-06-14 00:16:30,0.00109
2026-06-14 00:17:00,0.00109
2026-06-14 00:17:30,0.00109
2026-06-14 00:18:00,0.000305
2026-06-14 00:18:30,0.000305
2026-06-14 00:19:00,0.000305
2026-06-14 00:19:30,0.000351
2026-06-14 00:20:00,0.000351
2026-06-14 00:20:30,0.000351
2026-06-14 00:21:00,0.000390
2026-06-14 00:21:30,0.000390
2026-06-14 00:22:00,0.000390
2026-06-14 00:22:30,0.000401
2026-06-14 00:23:00,0.000401
2026-06-14 00:23:30,0.000401
2026-06-14 00:24:00,0.000620
2026-06-14 00:24:30,0.000620
2026-06-14 00:25:00,0.000620
2026-06-14 00:25:30,0.000620
2026-06-14 00:26:00,0.000620
2026-06-14 00:26:30,0.000620
2026-06-14 00:27:00,0.000620
2026-06-14 00:27:30,0.000620
2026-06-14 00:28:00,0.000620
2026-06-14 00:28:30,0.000614
2026-06-14 00:29:00,0.000614
2026-06-14 00:29:30,0.000614
2026-06-14 00:30:00,0.000576
2026-06-14 00:30:30,0.000576
2026-06-14 00:31:00,0.000576
2026-06-14 00:31:30,0.000488
2026-06-14 00:32:00,0.000488
2026-06-14 00:32:30,0.000488
2026-06-14 00:33:00,0.000185
2026-06-14 00:33:30,0.000185
2026-06-14 00:34:00,0.000185
2026-06-14 00:34:30,0.000451
2026-06-14 00:35:00,0.000451
2026-06-14 00:35:30,0.000451
2026-06-14 00:36:00,0.000484
2026-06-14 00:36:30,0.000484
2026-06-14 00:37:00,0.000484
2026-06-14 00:37:30,0.000483
2026-06-14 00:38:00,0.000483
2026-06-14 00:38:30,0.000483
2026-06-14 00:39:00,0.00113
2026-06-14 00:39:30,0.00113
2026-06-14 00:40:00,0.00113
2026-06-14 00:40:30,0.00113
2026-06-14 00:41:00,0.00113
2026-06-14 00:41:30,0.00113
2026-06-14 00:42:00,0.000873
2026-06-14 00:42:30,0.000873
2026-06-14 00:43:00,0.000873
2026-06-14 00:43:30,0.000546
2026-06-14 00:44:00,0.000546
2026-06-14 00:44:30,0.000546
2026-06-14 00:45:00,0.000546
2026-06-14 00:45:30,0.000546
2026-06-14 00:46:00,0.000546
2026-06-14 00:46:30,0.000377
2026-06-14 00:47:00,0.000377
2026-06-14 00:47:30,0.000377
2026-06-14 00:48:00,0.000674
2026-06-14 00:48:30,0.000674
2026-06-14 00:49:00,0.000674
2026-06-14 00:49:30,0.000658
2026-06-14 00:50:00,0.000658
2026-06-14 00:50:30,0.000658
2026-06-14 00:51:00,0.000782
2026-06-14 00:51:30,0.000782
2026-06-14 00:52:00,0.000782
2026-06-14 00:52:30,0.000936
2026-06-14 00:53:00,0.000936
2026-06-14 00:53:30,0.000936
2026-06-14 00:54:00,0.00124
2026-06-14 00:54:30,0.00124
2026-06-14 00:55:00,0.00124
2026-06-14 00:55:30,0.00147
2026-06-14 00:56:00,0.00147
2026-06-14 00:56:30,0.00147
2026-06-14 00:57:00,0.00147
2026-06-14 00:57:30,0.00147
2026-06-14 00:58:00,0.00147
2026-06-14 00:58:30,0.00137
2026-06-14 00:59:00,0.00137
2026-06-14 00:59:30,0.00137
2026-06-14 01:00:00,0.00128
2026-06-14 01:00:30,0.00128
2026-06-14 01:01:00,0.00128
2026-06-14 01:01:30,0.00128
2026-06-14 01:02:00,0.00128
2026-06-14 01:02:30,0.00128
2026-06-14 01:03:00,0.000703
2026-06-14 01:03:30,0.000703
2026-06-14 01:04:00,0.000703
2026-06-14 01:04:30,0.000703
2026-06-14 01:05:00,0.000703
2026-06-14 01:05:30,0.000703
2026-06-14 01:06:00,0.000476
2026-06-14 01:06:30,0.000476
2026-06-14 01:07:00,0.000476
2026-06-14 01:07:30,0.000335
2026-06-14 01:08:00,0.000335
2026-06-14 01:08:30,0.000335
2026-06-14 01:09:00,0.000353
2026-06-14 01:09:30,0.000353
2026-06-14 01:10:00,0.000353
2026-06-14 01:10:30,0.000353
2026-06-14 01:11:00,0.000353
2026-06-14 01:11:30,0.000353
2026-06-14 01:12:00,0.000110
2026-06-14 01:12:30,0.000110
2026-06-14 01:13:00,0.000110
2026-06-14 01:13:30,0.000137
2026-06-14 01:14:00,0.000137
2026-06-14 01:14:30,0.000137
2026-06-14 01:15:00,0.000251
2026-06-14 01:15:30,0.000251
2026-06-14 01:16:00,0.000251
2026-06-14 01:16:30,0.000251
2026-06-14 01:17:00,0.000251
2026-06-14 01:17:30,0.000251
2026-06-14 01:18:00,0.0000929
2026-06-14 01:18:30,0.0000929
2026-06-14 01:19:00,0.0000929
2026-06-14 01:19:30,0.000110
2026-06-14 01:20:00,0.000110
2026-06-14 01:20:30,0.000110
2026-06-14 01:21:00,0.000365
2026-06-14 01:21:30,0.000365
2026-06-14 01:22:00,0.000365
2026-06-14 01:22:30,0.000617
2026-06-14 01:23:00,0.000617
2026-06-14 01:23:30,0.000617
2026-06-14 01:24:00,0.000341
2026-06-14 01:24:30,0.000341
2026-06-14 01:25:00,0.000341
2026-06-14 01:25:30,0.000309
2026-06-14 01:26:00,0.000309
2026-06-14 01:26:30,0.000309
2026-06-14 01:27:00,0.000309
2026-06-14 01:27:30,0.000309
2026-06-14 01:28:00,0.000309
2026-06-14 01:28:30,0.000288
2026-06-14 01:29:00,0.000288
2026-06-14 01:29:30,0.000288
2026-06-14 01:30:00,0.000440
2026-06-14 01:30:30,0.000440
2026-06-14 01:31:00,0.000440
2026-06-14 01:31:30,0.000440
2026-06-14 01:32:00,0.000440
2026-06-14 01:32:30,0.000440
2026-06-14 01:33:00,0.000440
2026-06-14 01:33:30,0.000440
2026-06-14 01:34:00,0.000440
2026-06-14 01:34:30,0.000440
2026-06-14 01:35:00,0.000440
2026-06-14 01:35:30,0.000440
2026-06-14 01:36:00,0.000440
2026-06-14 01:36:30,0.000440
2026-06-14 01:37:00,0.000440
2026-06-14 01:37:30,0.000440
2026-06-14 01:38:00,0.000440
2026-06-14 01:38:30,0.000440
2026-06-14 01:39:00,0.000440
2026-06-14 01:39:30,0.000440
2026-06-14 01:40:00,0.000440
2026-06-14 01:40:30,0.000440
2026-06-14 01:41:00,0.000440
2026-06-14 01:41:30,0.000440
2026-06-14 01:42:00,0.000440
2026-06-14 01:42:30,0.000440
2026-06-14 01:43:00,0.000440
2026-06-14 01:43:30,0.000440
2026-06-14 01:44:00,0.000440
2026-06-14 01:44:30,0.000440
2026-06-14 01:45:00,0.000440
2026-06-14 01:45:30,0.000440
2026-06-14 01:46:00,0.000440
2026-06-14 01:46:30,0.000440
2026-06-14 01:47:00,0.000440
2026-06-14 01:47:30,0.000440
2026-06-14 01:48:00,0.000440
2026-06-14 01:48:30,0.000440
2026-06-14 01:49:00,0.000440
2026-06-14 01:49:30,0.000440
2026-06-14 01:50:00,0.000440
2026-06-14 01:50:30,0.000440
2026-06-14 01:51:00,0.000440
2026-06-14 01:51:30,0.000440
2026-06-14 01:52:00,0.000440
2026-06-14 01:52:30,0.000440
2026-06-14 01:53:00,0.000440
2026-06-14 01:53:30,0.000440
2026-06-14 01:54:00,0.000440
2026-06-14 01:54:30,0.000440
2026-06-14 01:55:00,0.000440
2026-06-14 01:55:30,0.000203
2026-06-14 01:56:00,0.000203
2026-06-14 01:56:30,0.000203
2026-06-14 01:57:00,0.000211
2026-06-14 01:57:30,0.000211
2026-06-14 01:58:00,0.000211
2026-06-14 01:58:30,0.000320
2026-06-14 01:59:00,0.000320
2026-06-14 01:59:30,0.000320
2026-06-14 02:00:00,0.00116
2026-06-14 02:00:30,0.00116
2026-06-14 02:01:00,0.00116
2026-06-14 02:01:30,0.00116
2026-06-14 02:02:00,0.00116
2026-06-14 02:02:30,0.00116
2026-06-14 02:03:00,0.00116
2026-06-14 02:03:30,0.00116
2026-06-14 02:04:00,0.00116
2026-06-14 02:04:30,0.00116
2026-06-14 02:05:00,0.00116
2026-06-14 02:05:30,0.00116
2026-06-14 02:06:00,0.00116
2026-06-14 02:06:30,0.00116
2026-06-14 02:07:00,0.00116
2026-06-14 02:07:30,0.00116
2026-06-14 02:08:00,0.00116
2026-06-14 02:08:30,0.00116
2026-06-14 02:09:00,0.00116
2026-06-14 02:09:30,0.00116
2026-06-14 02:10:00,0.00116
2026-06-14 02:10:30,0.00115
2026-06-14 02:11:00,0.00115
2026-06-14 02:11:30,0.00115
2026-06-14 02:12:00,0.00115
2026-06-14 02:12:30,0.00115
2026-06-14 02:13:00,0.00115
2026-06-14 02:13:30,0.00121
2026-06-14 02:14:00,0.00121
2026-06-14 02:14:30,0.00121
2026-06-14 02:15:00,0.000422
2026-06-14 02:15:30,0.000422
2026-06-14 02:16:00,0.000422
2026-06-14 02:16:30,0.000507
2026-06-14 02:17:00,0.000507
2026-06-14 02:17:30,0.000507
2026-06-14 02:18:00,0.000500
2026-06-14 02:18:30,0.000500
2026-06-14 02:19:00,0.000500
2026-06-14 02:19:30,0.000747
2026-06-14 02:20:00,0.000747
2026-06-14 02:20:30,0.000747
2026-06-14 02:21:00,0.000968
2026-06-14 02:21:30,0.000968
2026-06-14 02:22:00,0.000968
2026-06-14 02:22:30,0.000968
2026-06-14 02:23:00,0.000968
2026-06-14 02:23:30,0.000968
2026-06-14 02:24:00,0.000991
2026-06-14 02:24:30,0.000991
2026-06-14 02:25:00,0.000991
2026-06-14 02:25:30,0.000552
2026-06-14 02:26:00,0.000552
2026-06-14 02:26:30,0.000552
2026-06-14 02:27:00,0.000611
2026-06-14 02:27:30,0.000611
2026-06-14 02:28:00,0.000611
2026-06-14 02:28:30,0.000461
2026-06-14 02:29:00,0.000461
2026-06-14 02:29:30,0.000461
2026-06-14 02:30:00,0.000479
2026-06-14 02:30:30,0.000479
2026-06-14 02:31:00,0.000479
2026-06-14 02:31:30,0.000810
2026-06-14 02:32:00,0.000810
2026-06-14 02:32:30,0.000810
2026-06-14 02:33:00,0.000740
2026-06-14 02:33:30,0.000740
2026-06-14 02:34:00,0.000740
2026-06-14 02:34:30,0.000740
2026-06-14 02:35:00,0.000740
2026-06-14 02:35:30,0.000740
2026-06-14 02:36:00,0.000740
2026-06-14 02:36:30,0.000740
2026-06-14 02:37:00,0.000740
2026-06-14 02:37:30,0.000740
2026-06-14 02:38:00,0.000740
2026-06-14 02:38:30,0.000740
2026-06-14 02:39:00,0.000740
2026-06-14 02:39:30,0.000740
2026-06-14 02:40:00,0.000740
2026-06-14 02:40:30,0.000740
2026-06-14 02:41:00,0.000740
2026-06-14 02:41:30,0.000740
2026-06-14 02:42:00,0.000740
2026-06-14 02:42:30,0.000740
2026-06-14 02:43:00,0.000740
2026-06-14 02:43:30,0.000740
2026-06-14 02:44:00,0.000740
2026-06-14 02:44:30,0.000740
2026-06-14 02:45:00,0.000740
2026-06-14 02:45:30,0.000740
2026-06-14 02:46:00,0.000740
2026-06-14 02:46:30,0.000740
2026-06-14 02:47:00,0.000740
2026-06-14 02:47:30,0.000740
2026-06-14 02:48:00,0.000740
2026-06-14 02:48:30,0.000740
2026-06-14 02:49:00,0.000740
2026-06-14 02:49:30,0.000740
2026-06-14 02:50:00,0.000740
2026-06-14 02:50:30,0.000740
2026-06-14 02:51:00,0.000740
2026-06-14 02:51:30,0.000740
2026-06-14 02:52:00,0.000740
2026-06-14 02:52:30,0.000740
2026-06-14 02:53:00,0.000740
2026-06-14 02:53:30,0.000740
2026-06-14 02:54:00,0.000520
2026-06-14 02:54:30,0.000520
2026-06-14 02:55:00,0.000520
2026-06-14 02:55:30,0.000636
2026-06-14 02:56:00,0.000636
2026-06-14 02:56:30,0.000636
2026-06-14 02:57:00,0.000481
2026-06-14 02:57:30,0.000481
2026-06-14 02:58:00,0.000481
2026-06-14 02:58:30,0.000517
2026-06-14 02:59:00,0.000517
2026-06-14 02:59:30,0.000517
2026-06-14 03:00:00,0.000634
2026-06-14 03:00:30,0.000634
2026-06-14 03:01:00,0.000634
2026-06-14 03:01:30,0.000495
2026-06-14 03:02:00,0.000495
2026-06-14 03:02:30,0.000495
2026-06-14 03:03:00,0.000589
2026-06-14 03:03:30,0.000589
2026-06-14 03:04:00,0.000589
2026-06-14 03:04:30,0.000559
2026-06-14 03:05:00,0.000559
2026-06-14 03:05:30,0.000559
2026-06-14 03:06:00,0.000462
2026-06-14 03:06:30,0.000462
2026-06-14 03:07:00,0.000462
2026-06-14 03:07:30,0.000468
2026-06-14 03:08:00,0.000468
2026-06-14 03:08:30,0.000468
2026-06-14 03:09:00,0.000468
2026-06-14 03:09:30,0.000468
2026-06-14 03:10:00,0.000468
2026-06-14 03:10:30,0.000468
2026-06-14 03:11:00,0.000468
2026-06-14 03:11:30,0.000468
2026-06-14 03:12:00,0.000459
2026-06-14 03:12:30,0.000459
2026-06-14 03:13:00,0.000459
2026-06-14 03:13:30,0.000459
2026-06-14 03:14:00,0.000459
2026-06-14 03:14:30,0.000459
2026-06-14 03:15:00,0.000647
2026-06-14 03:15:30,0.000647
2026-06-14 03:16:00,0.000647
2026-06-14 03:16:30,0.000485
2026-06-14 03:17:00,0.000485
2026-06-14 03:17:30,0.000485
2026-06-14 03:18:00,0.0000482
2026-06-14 03:18:30,0.0000482
2026-06-14 03:19:00,0.0000482
2026-06-14 03:19:30,0.000124
2026-06-14 03:20:00,0.000124
2026-06-14 03:20:30,0.000124
2026-06-14 03:21:00,0.000385
2026-06-14 03:21:30,0.000385
2026-06-14 03:22:00,0.000385
2026-06-14 03:22:30,0.000289
2026-06-14 03:23:00,0.000289
2026-06-14 03:23:30,0.000289
2026-06-14 03:24:00,0.000147
2026-06-14 03:24:30,0.000147
2026-06-14 03:25:00,0.000147
2026-06-14 03:25:30,0.000121
2026-06-14 03:26:00,0.000121
2026-06-14 03:26:30,0.000121
2026-06-14 03:27:00,0.000184
2026-06-14 03:27:30,0.000184
2026-06-14 03:28:00,0.000184
2026-06-14 03:28:30,0.000525
2026-06-14 03:29:00,0.000525
2026-06-14 03:29:30,0.000525
2026-06-14 03:30:00,0.000699
2026-06-14 03:30:30,0.000699
2026-06-14 03:31:00,0.000699
2026-06-14 03:31:30,0.000695
2026-06-14 03:32:00,0.000695
2026-06-14 03:32:30,0.000695
2026-06-14 03:33:00,0.000473
2026-06-14 03:33:30,0.000473
2026-06-14 03:34:00,0.000473
2026-06-14 03:34:30,0.000515
2026-06-14 03:35:00,0.000515
2026-06-14 03:35:30,0.000515
2026-06-14 03:36:00,0.000419
2026-06-14 03:36:30,0.000419
2026-06-14 03:37:00,0.000419
2026-06-14 03:37:30,0.000718
2026-06-14 03:38:00,0.000718
2026-06-14 03:38:30,0.000718
2026-06-14 03:39:00,0.000760
2026-06-14 03:39:30,0.000760
2026-06-14 03:40:00,0.000760
2026-06-14 03:40:30,0.000604
2026-06-14 03:41:00,0.000604
2026-06-14 03:41:30,0.000604
2026-06-14 03:42:00,0.000757
2026-06-14 03:42:30,0.000757
2026-06-14 03:43:00,0.000757
2026-06-14 03:43:30,0.000719
2026-06-14 03:44:00,0.000719
2026-06-14 03:44:30,0.000719
2026-06-14 03:45:00,0.000521
2026-06-14 03:45:30,0.000521
2026-06-14 03:46:00,0.000521
2026-06-14 03:46:30,0.000433
2026-06-14 03:47:00,0.000433
2026-06-14 03:47:30,0.000433
2026-06-14 03:48:00,0.000433
2026-06-14 03:48:30,0.000433
2026-06-14 03:49:00,0.000433
2026-06-14 03:49:30,0.000741
2026-06-14 03:50:00,0.000741
2026-06-14 03:50:30,0.000741
2026-06-14 03:51:00,0.000582
2026-06-14 03:51:30,0.000582
2026-06-14 03:52:00,0.000582
2026-06-14 03:52:30,0.000469
2026-06-14 03:53:00,0.000469
2026-06-14 03:53:30,0.000469
2026-06-14 03:54:00,0.00117
2026-06-14 03:54:30,0.00117
2026-06-14 03:55:00,0.00117
2026-06-14 03:55:30,0.00127
2026-06-14 03:56:00,0.00127
2026-06-14 03:56:30,0.00127
2026-06-14 03:57:00,0.00128
2026-06-14 03:57:30,0.00128
2026-06-14 03:58:00,0.00128
2026-06-14 03:58:30,0.000836
2026-06-14 03:59:00,0.000836
2026-06-14 03:59:30,0.000836
2026-06-14 04:00:00,0.000723
2026-06-14 04:00:30,0.000723
2026-06-14 04:01:00,0.000723
2026-06-14 04:01:30,0.0000645
2026-06-14 04:02:00,0.0000645
2026-06-14 04:02:30,0.0000645
2026-06-14 04:03:00,0.000204
2026-06-14 04:03:30,0.000204
2026-06-14 04:04:00,0.000204
2026-06-14 04:04:30,0.000157
2026-06-14 04:05:00,0.000157
2026-06-14 04:05:30,0.000157
2026-06-14 04:06:00,0.000172
2026-06-14 04:06:30,0.000172
2026-06-14 04:07:00,0.000172
2026-06-14 04:07:30,0.000115
2026-06-14 04:08:00,0.000115
2026-06-14 04:08:30,0.000115
2026-06-14 04:09:00,-0.00000195
2026-06-14 04:09:30,-0.00000195
2026-06-14 04:10:00,-0.00000195
2026-06-14 04:10:30,0.000114
2026-06-14 04:11:00,0.000114
2026-06-14 04:11:30,0.000114
2026-06-14 04:12:00,0.000378
2026-06-14 04:12:30,0.000378
2026-06-14 04:13:00,0.000378
2026-06-14 04:13:30,0.000447
2026-06-14 04:14:00,0.000447
2026-06-14 04:14:30,0.000447
2026-06-14 04:15:00,0.000182
2026-06-14 04:15:30,0.000182
2026-06-14 04:16:00,0.000182
2026-06-14 04:16:30,0.000519
2026-06-14 04:17:00,0.000519
2026-06-14 04:17:30,0.000519
2026-06-14 04:18:00,0.000211
2026-06-14 04:18:30,0.000211
2026-06-14 04:19:00,0.000211
2026-06-14 04:19:30,0.000219
2026-06-14 04:20:00,0.000219
2026-06-14 04:20:30,0.000219
2026-06-14 04:21:00,0.000168
2026-06-14 04:21:30,0.000168
2026-06-14 04:22:00,0.000168
2026-06-14 04:22:30,0.000194
2026-06-14 04:23:00,0.000194
2026-06-14 04:23:30,0.000194
2026-06-14 04:24:00,0.000194
2026-06-14 04:24:30,0.000194
2026-06-14 04:25:00,0.000194
2026-06-14 04:25:30,-0.000270
2026-06-14 04:26:00,-0.000270
2026-06-14 04:26:30,-0.000270
2026-06-14 04:27:00,-0.00189
2026-06-14 04:27:30,-0.00189
2026-06-14 04:28:00,-0.00189
2026-06-14 04:28:30,0.0000879
2026-06-14 04:29:00,0.0000879
2026-06-14 04:29:30,0.0000879
2026-06-14 04:30:00,0.000455
2026-06-14 04:30:30,0.000455
2026-06-14 04:31:00,0.000455
2026-06-14 04:31:30,0.000327
2026-06-14 04:32:00,0.000327
2026-06-14 04:32:30,0.000327
2026-06-14 04:33:00,0.000345
2026-06-14 04:33:30,0.000345
2026-06-14 04:34:00,0.000345
2026-06-14 04:34:30,0.000270
2026-06-14 04:35:00,0.000270
2026-06-14 04:35:30,0.000270
2026-06-14 04:36:00,0.0000419
2026-06-14 04:36:30,0.0000419
2026-06-14 04:37:00,0.0000419
2026-06-14 04:37:30,0.0000662
2026-06-14 04:38:00,0.0000662
2026-06-14 04:38:30,0.0000662
2026-06-14 04:39:00,0.0000662
2026-06-14 04:39:30,0.0000662
2026-06-14 04:40:00,0.0000662
2026-06-14 04:40:30,0.0000662
2026-06-14 04:41:00,0.0000662
2026-06-14 04:41:30,0.0000662
2026-06-14 04:42:00,-0.000489
2026-06-14 04:42:30,-0.000489
2026-06-14 04:43:00,-0.000489
2026-06-14 04:43:30,0
2026-06-14 04:44:00,0
2026-06-14 04:44:30,0
2026-06-14 04:45:00,0.0000535
2026-06-14 04:45:30,0.0000535
2026-06-14 04:46:00,0.0000535
2026-06-14 04:46:30,0.0000835
2026-06-14 04:47:00,0.0000835
2026-06-14 04:47:30,0.0000835
2026-06-14 04:48:00,0.0000835
2026-06-14 04:48:30,0.0000835
2026-06-14 04:49:00,0.0000835
2026-06-14 04:49:30,0.000149
2026-06-14 04:50:00,0.000149
2026-06-14 04:50:30,0.000149
2026-06-14 04:51:00,0.0000316
2026-06-14 04:51:30,0.0000316
2026-06-14 04:52:00,0.0000316
2026-06-14 04:52:30,0.000121
2026-06-14 04:53:00,0.000121
2026-06-14 04:53:30,0.000121
2026-06-14 04:54:00,0.000213
2026-06-14 04:54:30,0.000213
2026-06-14 04:55:00,0.000213
2026-06-14 04:55:30,0.000132
2026-06-14 04:56:00,0.000132
2026-06-14 04:56:30,0.000132
2026-06-14 04:57:00,0.0000779
2026-06-14 04:57:30,0.0000779
2026-06-14 04:58:00,0.0000779
2026-06-14 04:58:30,0.000127
2026-06-14 04:59:00,0.000127
2026-06-14 04:59:30,0.000127
2026-06-14 05:00:00,0.000127
2026-06-14 05:00:30,0.000127
2026-06-14 05:01:00,0.000127
2026-06-14 05:01:30,0.000443
2026-06-14 05:02:00,0.000443
2026-06-14 05:02:30,0.000443
2026-06-14 05:03:00,0.00107
2026-06-14 05:03:30,0.00107
2026-06-14 05:04:00,0.00107
2026-06-14 05:04:30,0.00107
2026-06-14 05:05:00,0.00107
2026-06-14 05:05:30,0.00107
2026-06-14 05:06:00,0.000872
2026-06-14 05:06:30,0.000872
2026-06-14 05:07:00,0.000872
2026-06-14 05:07:30,0.000872
2026-06-14 05:08:00,0.000872
2026-06-14 05:08:30,0.000872
2026-06-14 05:09:00,0.000872
2026-06-14 05:09:30,0.000872
2026-06-14 05:10:00,0.000872
2026-06-14 05:10:30,0.00120
2026-06-14 05:11:00,0.00120
2026-06-14 05:11:30,0.00120
2026-06-14 05:12:00,0.000608
2026-06-14 05:12:30,0.000608
2026-06-14 05:13:00,0.000608
2026-06-14 05:13:30,0.000608
2026-06-14 05:14:00,0.000608
2026-06-14 05:14:30,0.000608
2026-06-14 05:15:00,0.000609
2026-06-14 05:15:30,0.000609
2026-06-14 05:16:00,0.000609
2026-06-14 05:16:30,0.000231
2026-06-14 05:17:00,0.000231
2026-06-14 05:17:30,0.000231
2026-06-14 05:18:00,0.000231
2026-06-14 05:18:30,0.000231
2026-06-14 05:19:00,0.000231
2026-06-14 05:19:30,0.000438
2026-06-14 05:20:00,0.000438
2026-06-14 05:20:30,0.000438
2026-06-14 05:21:00,0.000542
2026-06-14 05:21:30,0.000542
2026-06-14 05:22:00,0.000542
2026-06-14 05:22:30,0.000577
2026-06-14 05:23:00,0.000577
2026-06-14 05:23:30,0.000577
2026-06-14 05:24:00,0.000558
2026-06-14 05:24:30,0.000558
2026-06-14 05:25:00,0.000558
2026-06-14 05:25:30,0.000270
2026-06-14 05:26:00,0.000270
2026-06-14 05:26:30,0.000270
2026-06-14 05:27:00,0.000327
2026-06-14 05:27:30,0.000327
2026-06-14 05:28:00,0.000327
2026-06-14 05:28:30,0.000831
2026-06-14 05:29:00,0.000831
2026-06-14 05:29:30,0.000831
2026-06-14 05:30:00,0.00113
2026-06-14 05:30:30,0.00113
2026-06-14 05:31:00,0.00113
2026-06-14 05:31:30,0.00115
2026-06-14 05:32:00,0.00115
2026-06-14 05:32:30,0.00115
2026-06-14 05:33:00,0.000365
2026-06-14 05:33:30,0.000365
2026-06-14 05:34:00,0.000365
2026-06-14 05:34:30,0.000365
2026-06-14 05:35:00,0.000365
2026-06-14 05:35:30,0.000365
2026-06-14 05:36:00,0.000365
2026-06-14 05:36:30,0.000365
2026-06-14 05:37:00,0.000365
2026-06-14 05:37:30,0.000365
2026-06-14 05:38:00,0.000365
2026-06-14 05:38:30,0.000365
2026-06-14 05:39:00,0.000377
2026-06-14 05:39:30,0.000377
2026-06-14 05:40:00,0.000377
2026-06-14 05:40:30,0.00108
2026-06-14 05:41:00,0.00108
2026-06-14 05:41:30,0.00108
2026-06-14 05:42:00,0.00108
2026-06-14 05:42:30,0.00108
2026-06-14 05:43:00,0.00108
2026-06-14 05:43:30,0.000963
2026-06-14 05:44:00,0.000963
2026-06-14 05:44:30,0.000963
2026-06-14 05:45:00,0.000957
2026-06-14 05:45:30,0.000957
2026-06-14 05:46:00,0.000957
2026-06-14 05:46:30,0.000654
2026-06-14 05:47:00,0.000654
2026-06-14 05:47:30,0.000654
2026-06-14 05:48:00,0.000421
2026-06-14 05:48:30,0.000421
2026-06-14 05:49:00,0.000421
2026-06-14 05:49:30,0.000220
2026-06-14 05:50:00,0.000220
2026-06-14 05:50:30,0.000220
2026-06-14 05:51:00,0.000220
2026-06-14 05:51:30,0.000220
2026-06-14 05:52:00,0.000220
2026-06-14 05:52:30,0.000220
2026-06-14 05:53:00,0.000220
2026-06-14 05:53:30,0.000220
2026-06-14 05:54:00,0.0000716
2026-06-14 05:54:30,0.0000716
2026-06-14 05:55:00,0.0000716
2026-06-14 05:55:30,0.000151
2026-06-14 05:56:00,0.000151
2026-06-14 05:56:30,0.000151
2026-06-14 05:57:00,0.000297
2026-06-14 05:57:30,0.000297
2026-06-14 05:58:00,0.000297
2026-06-14 05:58:30,0.000133
2026-06-14 05:59:00,0.000133
2026-06-14 05:59:30,0.000133
2026-06-14 06:00:00,0.000516
2026-06-14 06:00:30,0.000516
2026-06-14 06:01:00,0.000516
2026-06-14 06:01:30,0.000516
2026-06-14 06:02:00,0.000516
2026-06-14 06:02:30,0.000516
2026-06-14 06:03:00,0.000516
2026-06-14 06:03:30,0.000516
2026-06-14 06:04:00,0.000516
2026-06-14 06:04:30,0.000516
2026-06-14 06:05:00,0.000516
2026-06-14 06:05:30,0.000516
2026-06-14 06:06:00,0.000516
2026-06-14 06:06:30,0.000516
2026-06-14 06:07:00,0.000516
2026-06-14 06:07:30,0.000516
2026-06-14 06:08:00,0.000516
2026-06-14 06:08:30,0.000516
2026-06-14 06:09:00,0.000334
2026-06-14 06:09:30,0.000334
2026-06-14 06:10:00,0.000334
2026-06-14 06:10:30,0.000307
2026-06-14 06:11:00,0.000307
2026-06-14 06:11:30,0.000307
2026-06-14 06:12:00,0.000307
2026-06-14 06:12:30,0.000307
2026-06-14 06:13:00,0.000307
2026-06-14 06:13:30,0.000127
2026-06-14 06:14:00,0.000127
2026-06-14 06:14:30,0.000127
2026-06-14 06:15:00,0.000128
2026-06-14 06:15:30,0.000128
2026-06-14 06:16:00,0.000128
2026-06-14 06:16:30,0.000284
2026-06-14 06:17:00,0.000284
2026-06-14 06:17:30,0.000284
2026-06-14 06:18:00,0.000288
2026-06-14 06:18:30,0.000288
2026-06-14 06:19:00,0.000288
2026-06-14 06:19:30,0.000498
2026-06-14 06:20:00,0.000498
2026-06-14 06:20:30,0.000498
2026-06-14 06:21:00,0.000498
2026-06-14 06:21:30,0.000498
2026-06-14 06:22:00,0.000498
2026-06-14 06:22:30,0.000498
2026-06-14 06:23:00,0.000498
2026-06-14 06:23:30,0.000498
2026-06-14 06:24:00,0.000498
2026-06-14 06:24:30,0.000498
2026-06-14 06:25:00,0.000498
2026-06-14 06:25:30,0.000498
2026-06-14 06:26:00,0.000498
2026-06-14 06:26:30,0.000498
2026-06-14 06:27:00,0.000498
2026-06-14 06:27:30,0.000498
2026-06-14 06:28:00,0.000498
2026-06-14 06:28:30,0.000263
2026-06-14 06:29:00,0.000263
2026-06-14 06:29:30,0.000263
2026-06-14 06:30:00,0.000175
2026-06-14 06:30:30,0.000175
2026-06-14 06:31:00,0.000175
2026-06-14 06:31:30,0.000175
2026-06-14 06:32:00,0.000175
2026-06-14 06:32:30,0.000175
2026-06-14 06:33:00,0.000256
2026-06-14 06:33:30,0.000256
2026-06-14 06:34:00,0.000256
2026-06-14 06:34:30,0.000207
2026-06-14 06:35:00,0.000207
2026-06-14 06:35:30,0.000207
2026-06-14 06:36:00,0.000207
2026-06-14 06:36:30,0.000207
2026-06-14 06:37:00,0.000207
2026-06-14 06:37:30,0.000144
2026-06-14 06:38:00,0.000144
2026-06-14 06:38:30,0.000144
2026-06-14 06:39:00,0.000140
2026-06-14 06:39:30,0.000140
2026-06-14 06:40:00,0.000140
2026-06-14 06:40:30,0.000140
2026-06-14 06:41:00,0.000140
2026-06-14 06:41:30,0.000140
2026-06-14 06:42:00,0.000140
2026-06-14 06:42:30,0.000140
2026-06-14 06:43:00,0.000140
2026-06-14 06:43:30,0.000140
2026-06-14 06:44:00,0.000140
2026-06-14 06:44:30,0.000140
2026-06-14 06:45:00,0.000140
2026-06-14 06:45:30,0.000140
2026-06-14 06:46:00,0.000140
2026-06-14 06:46:30,0.000139
2026-06-14 06:47:00,0.000139
2026-06-14 06:47:30,0.000139
2026-06-14 06:48:00,0.000166
2026-06-14 06:48:30,0.000166
2026-06-14 06:49:00,0.000166
2026-06-14 06:49:30,0.000166
2026-06-14 06:50:00,0.000166
2026-06-14 06:50:30,0.000166
2026-06-14 06:51:00,0.000366
2026-06-14 06:51:30,0.000366
2026-06-14 06:52:00,0.000366
2026-06-14 06:52:30,0.000366
2026-06-14 06:53:00,0.000366
2026-06-14 06:53:30,0.000366
2026-06-14 06:54:00,0.000374
2026-06-14 06:54:30,0.000374
2026-06-14 06:55:00,0.000374
2026-06-14 06:55:30,0.000323
2026-06-14 06:56:00,0.000323
2026-06-14 06:56:30,0.000323
2026-06-14 06:57:00,0.000178
2026-06-14 06:57:30,0.000178
2026-06-14 06:58:00,0.000178
2026-06-14 06:58:30,0.000155
2026-06-14 06:59:00,0.000155
2026-06-14 06:59:30,0.000155
2026-06-14 07:00:00,0.000143
2026-06-14 07:00:30,0.000143
2026-06-14 07:01:00,0.000143
2026-06-14 07:01:30,0.000127
2026-06-14 07:02:00,0.000127
2026-06-14 07:02:30,0.000127
2026-06-14 07:03:00,0.000386
2026-06-14 07:03:30,0.000386
2026-06-14 07:04:00,0.000386
2026-06-14 07:04:30,0.000398
2026-06-14 07:05:00,0.000398
2026-06-14 07:05:30,0.000398
2026-06-14 07:06:00,0.000328
2026-06-14 07:06:30,0.000328
2026-06-14 07:07:00,0.000328
2026-06-14 07:07:30,0.000396
2026-06-14 07:08:00,0.000396
2026-06-14 07:08:30,0.000396
2026-06-14 07:09:00,0.000394
2026-06-14 07:09:30,0.000394
2026-06-14 07:10:00,0.000394
2026-06-14 07:10:30,0.000301
2026-06-14 07:11:00,0.000301
2026-06-14 07:11:30,0.000301
2026-06-14 07:12:00,0.000285
2026-06-14 07:12:30,0.000285
2026-06-14 07:13:00,0.000285
2026-06-14 07:13:30,0.000116
2026-06-14 07:14:00,0.000116
2026-06-14 07:14:30,0.000116
2026-06-14 07:15:00,0.000141
2026-06-14 07:15:30,0.000141
2026-06-14 07:16:00,0.000141
2026-06-14 07:16:30,0.000101
2026-06-14 07:17:00,0.000101
2026-06-14 07:17:30,0.000101
2026-06-14 07:18:00,0.000111
2026-06-14 07:18:30,0.000111
2026-06-14 07:19:00,0.000111
2026-06-14 07:19:30,0.000400
2026-06-14 07:20:00,0.000400
2026-06-14 07:20:30,0.000400
2026-06-14 07:21:00,0.000478
2026-06-14 07:21:30,0.000478
2026-06-14 07:22:00,0.000478
2026-06-14 07:22:30,0.000478
2026-06-14 07:23:00,0.000478
2026-06-14 07:23:30,0.000478
2026-06-14 07:24:00,0.000478
2026-06-14 07:24:30,0.000478
2026-06-14 07:25:00,0.000478
2026-06-14 07:25:30,0.000478
2026-06-14 07:26:00,0.000478
2026-06-14 07:26:30,0.000478
2026-06-14 07:27:00,0.000478
2026-06-14 07:27:30,0.000478
2026-06-14 07:28:00,0.000478
2026-06-14 07:28:30,0.000478
2026-06-14 07:29:00,0.000478
2026-06-14 07:29:30,0.000478
2026-06-14 07:30:00,0.000478
2026-06-14 07:30:30,0.000478
2026-06-14 07:31:00,0.000478
2026-06-14 07:31:30,0.000478
2026-06-14 07:32:00,0.000478
2026-06-14 07:32:30,0.000478
2026-06-14 07:33:00,0.000478
2026-06-14 07:33:30,0.000478
2026-06-14 07:34:00,0.000478
2026-06-14 07:34:30,0.000478
2026-06-14 07:35:00,0.000478
2026-06-14 07:35:30,0.000478
2026-06-14 07:36:00,0.000478
2026-06-14 07:36:30,0.000478
2026-06-14 07:37:00,0.000478
2026-06-14 07:37:30,0.000478
2026-06-14 07:38:00,0.000478
2026-06-14 07:38:30,0.000478
2026-06-14 07:39:00,0.000478
2026-06-14 07:39:30,0.000478
2026-06-14 07:40:00,0.000478
2026-06-14 07:40:30,0.000478
2026-06-14 07:41:00,0.000478
2026-06-14 07:41:30,0.000478
2026-06-14 07:42:00,0.000478
2026-06-14 07:42:30,0.000478
2026-06-14 07:43:00,0.000478
2026-06-14 07:43:30,0.000444
2026-06-14 07:44:00,0.000444
2026-06-14 07:44:30,0.000444
2026-06-14 07:45:00,0.000444
2026-06-14 07:45:30,0.000444
2026-06-14 07:46:00,0.000444
2026-06-14 07:46:30,0.000444
2026-06-14 07:47:00,0.000444
2026-06-14 07:47:30,0.000444
2026-06-14 07:48:00,0.000444
2026-06-14 07:48:30,0.000444
2026-06-14 07:49:00,0.000444
2026-06-14 07:49:30,0.000444
2026-06-14 07:50:00,0.000444
2026-06-14 07:50:30,0.000444
2026-06-14 07:51:00,0.000444
2026-06-14 07:51:30,0.000444
2026-06-14 07:52:00,0.000444
2026-06-14 07:52:30,0.000444
2026-06-14 07:53:00,0.000444
2026-06-14 07:53:30,0.000444
2026-06-14 07:54:00,0.000444
2026-06-14 07:54:30,0.000444
2026-06-14 07:55:00,0.000444
2026-06-14 07:55:30,0.000444
2026-06-14 07:56:00,0.000444
2026-06-14 07:56:30,0.000444
2026-06-14 07:57:00,0.000444
2026-06-14 07:57:30,0.000444
2026-06-14 07:58:00,0.000444
2026-06-14 07:58:30,0.000444
2026-06-14 07:59:00,0.000444
2026-06-14 07:59:30,0.000444
2026-06-14 08:00:00,0.000178
2026-06-14 08:00:30,0.000178
2026-06-14 08:01:00,0.000178
2026-06-14 08:01:30,0.000385
2026-06-14 08:02:00,0.000385
2026-06-14 08:02:30,0.000385
2026-06-14 08:03:00,0.000437
2026-06-14 08:03:30,0.000437
2026-06-14 08:04:00,0.000437
2026-06-14 08:04:30,0.000465
2026-06-14 08:05:00,0.000465
2026-06-14 08:05:30,0.000465
2026-06-14 08:06:00,0.000226
2026-06-14 08:06:30,0.000226
2026-06-14 08:07:00,0.000226
2026-06-14 08:07:30,0.000254
2026-06-14 08:08:00,0.000254
2026-06-14 08:08:30,0.000254
2026-06-14 08:09:00,0.000329
2026-06-14 08:09:30,0.000329
2026-06-14 08:10:00,0.000329
2026-06-14 08:10:30,0.000377
2026-06-14 08:11:00,0.000377
2026-06-14 08:11:30,0.000377
2026-06-14 08:12:00,0.000516
2026-06-14 08:12:30,0.000516
2026-06-14 08:13:00,0.000516
2026-06-14 08:13:30,0.000423
2026-06-14 08:14:00,0.000423
2026-06-14 08:14:30,0.000423
2026-06-14 08:15:00,0.000544
2026-06-14 08:15:30,0.000544
2026-06-14 08:16:00,0.000544
2026-06-14 08:16:30,0.000280
2026-06-14 08:17:00,0.000280
2026-06-14 08:17:30,0.000280
2026-06-14 08:18:00,0.000184
2026-06-14 08:18:30,0.000184
2026-06-14 08:19:00,0.000184
2026-06-14 08:19:30,0.0000972
2026-06-14 08:20:00,0.0000972
2026-06-14 08:20:30,0.0000972
2026-06-14 08:21:00,0.000439
2026-06-14 08:21:30,0.000439
2026-06-14 08:22:00,0.000439
2026-06-14 08:22:30,0.000432
2026-06-14 08:23:00,0.000432
2026-06-14 08:23:30,0.000432
2026-06-14 08:24:00,0.000281
2026-06-14 08:24:30,0.000281
2026-06-14 08:25:00,0.000281
2026-06-14 08:25:30,0.000445
2026-06-14 08:26:00,0.000445
2026-06-14 08:26:30,0.000445
2026-06-14 08:27:00,0.000492
2026-06-14 08:27:30,0.000492
2026-06-14 08:28:00,0.000492
2026-06-14 08:28:30,0.000429
2026-06-14 08:29:00,0.000429
2026-06-14 08:29:30,0.000429
2026-06-14 08:30:00,0.000429
2026-06-14 08:30:30,0.000429
2026-06-14 08:31:00,0.000429
2026-06-14 08:31:30,0.000429
2026-06-14 08:32:00,0.000429
2026-06-14 08:32:30,0.000429
2026-06-14 08:33:00,0.000422
2026-06-14 08:33:30,0.000422
2026-06-14 08:34:00,0.000422
2026-06-14 08:34:30,0.000244
2026-06-14 08:35:00,0.000244
2026-06-14 08:35:30,0.000244
2026-06-14 08:36:00,0.000303
2026-06-14 08:36:30,0.000303
2026-06-14 08:37:00,0.000303
2026-06-14 08:37:30,0.000576
2026-06-14 08:38:00,0.000576
2026-06-14 08:38:30,0.000576
2026-06-14 08:39:00,0.000718
2026-06-14 08:39:30,0.000718
2026-06-14 08:40:00,0.000718
2026-06-14 08:40:30,0.000648
2026-06-14 08:41:00,0.000648
2026-06-14 08:41:30,0.000648
2026-06-14 08:42:00,0.000606
2026-06-14 08:42:30,0.000606
2026-06-14 08:43:00,0.000606
2026-06-14 08:43:30,0.000403
2026-06-14 08:44:00,0.000403
2026-06-14 08:44:30,0.000403
2026-06-14 08:45:00,0.000449
2026-06-14 08:45:30,0.000449
2026-06-14 08:46:00,0.000449
2026-06-14 08:46:30,0.000449
2026-06-14 08:47:00,0.000449
2026-06-14 08:47:30,0.000449
2026-06-14 08:48:00,0.000449
2026-06-14 08:48:30,0.000449
2026-06-14 08:49:00,0.000449
2026-06-14 08:49:30,0.000271
2026-06-14 08:50:00,0.000271
2026-06-14 08:50:30,0.000271
2026-06-14 08:51:00,0.000271
2026-06-14 08:51:30,0.000271
2026-06-14 08:52:00,0.000271
2026-06-14 08:52:30,0.0000435
2026-06-14 08:53:00,0.0000435
2026-06-14 08:53:30,0.0000435
2026-06-14 08:54:00,0.000160
2026-06-14 08:54:30,0.000160
2026-06-14 08:55:00,0.000160
2026-06-14 08:55:30,0.000182
2026-06-14 08:56:00,0.000182
2026-06-14 08:56:30,0.000182
2026-06-14 08:57:00,0.000182
2026-06-14 08:57:30,0.000182
2026-06-14 08:58:00,0.000182
2026-06-14 08:58:30,0.0000912
2026-06-14 08:59:00,0.0000912
2026-06-14 08:59:30,0.0000912
2026-06-14 09:00:00,0.000175
2026-06-14 09:00:30,0.000175
2026-06-14 09:01:00,0.000175
2026-06-14 09:01:30,0.000208
2026-06-14 09:02:00,0.000208
2026-06-14 09:02:30,0.000208
2026-06-14 09:03:00,0.000208
2026-06-14 09:03:30,0.000208
2026-06-14 09:04:00,0.000208
2026-06-14 09:04:30,0.000208
2026-06-14 09:05:00,0.000208
2026-06-14 09:05:30,0.000208
2026-06-14 09:06:00,0.000208
2026-06-14 09:06:30,0.000208
2026-06-14 09:07:00,0.000208
2026-06-14 09:07:30,0.000208
2026-06-14 09:08:00,0.000208
2026-06-14 09:08:30,0.000208
2026-06-14 09:09:00,0.000208
2026-06-14 09:09:30,0.000208
2026-06-14 09:10:00,0.000208
2026-06-14 09:10:30,0.000121
2026-06-14 09:11:00,0.000121
2026-06-14 09:11:30,0.000121
2026-06-14 09:12:00,0.000295
2026-06-14 09:12:30,0.000295
2026-06-14 09:13:00,0.000295
2026-06-14 09:13:30,0.000301
2026-06-14 09:14:00,0.000301
2026-06-14 09:14:30,0.000301
2026-06-14 09:15:00,0.000301
2026-06-14 09:15:30,0.000301
2026-06-14 09:16:00,0.000301
2026-06-14 09:16:30,0.000301
2026-06-14 09:17:00,0.000301
2026-06-14 09:17:30,0.000301
2026-06-14 09:18:00,
2026-06-14 09:18:30,
2026-06-14 09:19:00,
2026-06-14 09:19:30,0.000230
2026-06-14 09:20:00,0.000230
2026-06-14 09:20:30,0.000230
2026-06-14 09:21:00,0.000143
2026-06-14 09:21:30,0.000143
2026-06-14 09:22:00,0.000143
2026-06-14 09:22:30,0.000143
2026-06-14 09:23:00,0.000143
2026-06-14 09:23:30,0.000143
2026-06-14 09:24:00,0.000180
2026-06-14 09:24:30,0.000180
2026-06-14 09:25:00,0.000180
2026-06-14 09:25:30,0.0000509
2026-06-14 09:26:00,0.0000509
2026-06-14 09:26:30,0.0000509
2026-06-14 09:27:00,0.0000509
2026-06-14 09:27:30,0.0000509
2026-06-14 09:28:00,0.0000509
2026-06-14 09:28:30,0.0000509
2026-06-14 09:29:00,0.0000509
2026-06-14 09:29:30,0.0000509
2026-06-14 09:30:00,0.0000509
2026-06-14 09:30:30,0.0000509
2026-06-14 09:31:00,0.0000509
2026-06-14 09:31:30,0.0000509
2026-06-14 09:32:00,0.0000509
2026-06-14 09:32:30,0.0000509
2026-06-14 09:33:00,0.000254
2026-06-14 09:33:30,0.000254
2026-06-14 09:34:00,0.000254
2026-06-14 09:34:30,0.000295
2026-06-14 09:35:00,0.000295
2026-06-14 09:35:30,0.000295
2026-06-14 09:36:00,0.0000313
2026-06-14 09:36:30,0.0000313
2026-06-14 09:37:00,0.0000313
2026-06-14 09:37:30,0.0000757
2026-06-14 09:38:00,0.0000757
2026-06-14 09:38:30,0.0000757
2026-06-14 09:39:00,0.000117
2026-06-14 09:39:30,0.000117
2026-06-14 09:40:00,0.000117
2026-06-14 09:40:30,0.000176
2026-06-14 09:41:00,0.000176
2026-06-14 09:41:30,0.000176
2026-06-14 09:42:00,0.000418
2026-06-14 09:42:30,0.000418
2026-06-14 09:43:00,0.000418
2026-06-14 09:43:30,0.000257
2026-06-14 09:44:00,0.000257
2026-06-14 09:44:30,0.000257
2026-06-14 09:45:00,0.000282
2026-06-14 09:45:30,0.000282
2026-06-14 09:46:00,0.000282
2026-06-14 09:46:30,0.000189
2026-06-14 09:47:00,0.000189
2026-06-14 09:47:30,0.000189
2026-06-14 09:48:00,0.000128
2026-06-14 09:48:30,0.000128
2026-06-14 09:49:00,0.000128
2026-06-14 09:49:30,0.0000983
2026-06-14 09:50:00,0.0000983
2026-06-14 09:50:30,0.0000983
2026-06-14 09:51:00,0.000571
2026-06-14 09:51:30,0.000571
2026-06-14 09:52:00,0.000571
2026-06-14 09:52:30,0.000612
2026-06-14 09:53:00,0.000612
2026-06-14 09:53:30,0.000612
2026-06-14 09:54:00,0.000612
2026-06-14 09:54:30,0.000612
2026-06-14 09:55:00,0.000612
2026-06-14 09:55:30,0.000657
2026-06-14 09:56:00,0.000657
2026-06-14 09:56:30,0.000657
2026-06-14 09:57:00,0.000283
2026-06-14 09:57:30,0.000283
2026-06-14 09:58:00,0.000283
2026-06-14 09:58:30,0.000336
2026-06-14 09:59:00,0.000336
2026-06-14 09:59:30,0.000336
2026-06-14 10:00:00,0.000268
2026-06-14 10:00:30,0.000268
2026-06-14 10:01:00,0.000268
2026-06-14 10:01:30,0.000268
2026-06-14 10:02:00,0.000268
2026-06-14 10:02:30,0.000268
2026-06-14 10:03:00,0.000188
2026-06-14 10:03:30,0.000188
2026-06-14 10:04:00,0.000188
2026-06-14 10:04:30,0.000188
2026-06-14 10:05:00,0.000188
2026-06-14 10:05:30,0.000188
2026-06-14 10:06:00,0.000113
2026-06-14 10:06:30,0.000113
2026-06-14 10:07:00,0.000113
2026-06-14 10:07:30,0.000175
2026-06-14 10:08:00,0.000175
2026-06-14 10:08:30,0.000175
2026-06-14 10:09:00,0.000179
2026-06-14 10:09:30,0.000179
2026-06-14 10:10:00,0.000179
2026-06-14 10:10:30,0.000276
2026-06-14 10:11:00,0.000276
2026-06-14 10:11:30,0.000276
2026-06-14 10:12:00,0.000276
2026-06-14 10:12:30,0.000276
2026-06-14 10:13:00,0.000276
2026-06-14 10:13:30,0.000276
2026-06-14 10:14:00,0.000276
2026-06-14 10:14:30,0.000276
2026-06-14 10:15:00,0.000276
2026-06-14 10:15:30,0.000276
2026-06-14 10:16:00,0.000276
2026-06-14 10:16:30,0.000172
2026-06-14 10:17:00,0.000172
2026-06-14 10:17:30,0.000172
2026-06-14 10:18:00,0.000172
2026-06-14 10:18:30,0.000172
2026-06-14 10:19:00,0.000172
2026-06-14 10:19:30,0.000172
2026-06-14 10:20:00,0.000172
2026-06-14 10:20:30,0.000172
2026-06-14 10:21:00,0.000172
2026-06-14 10:21:30,0.000172
2026-06-14 10:22:00,0.000172
2026-06-14 10:22:30,0.000172
2026-06-14 10:23:00,0.000172
2026-06-14 10:23:30,0.000172
2026-06-14 10:24:00,0.000357
2026-06-14 10:24:30,0.000357
2026-06-14 10:25:00,0.000357
2026-06-14 10:25:30,0.000453
2026-06-14 10:26:00,0.000453
2026-06-14 10:26:30,0.000453
2026-06-14 10:27:00,0.000277
2026-06-14 10:27:30,0.000277
2026-06-14 10:28:00,0.000277
2026-06-14 10:28:30,0.000215
2026-06-14 10:29:00,0.000215
2026-06-14 10:29:30,0.000215
2026-06-14 10:30:00,0.000342
2026-06-14 10:30:30,0.000342
2026-06-14 10:31:00,0.000342
2026-06-14 10:31:30,0.000124
2026-06-14 10:32:00,0.000124
2026-06-14 10:32:30,0.000124
2026-06-14 10:33:00,0.000228
2026-06-14 10:33:30,0.000228
2026-06-14 10:34:00,0.000228
2026-06-14 10:34:30,0.000147
2026-06-14 10:35:00,0.000147
2026-06-14 10:35:30,0.000147
2026-06-14 10:36:00,0.0000988
2026-06-14 10:36:30,0.0000988
2026-06-14 10:37:00,0.0000988
2026-06-14 10:37:30,0.0000754
2026-06-14 10:38:00,0.0000754
2026-06-14 10:38:30,0.0000754
2026-06-14 10:39:00,0.000112
2026-06-14 10:39:30,0.000112
2026-06-14 10:40:00,0.000112
2026-06-14 10:40:30,0.000216
2026-06-14 10:41:00,0.000216
2026-06-14 10:41:30,0.000216
2026-06-14 10:42:00,0.000216
2026-06-14 10:42:30,0.000216
2026-06-14 10:43:00,0.000216
2026-06-14 10:43:30,0.000133
2026-06-14 10:44:00,0.000133
2026-06-14 10:44:30,0.000133
2026-06-14 10:45:00,0.0000961
2026-06-14 10:45:30,0.0000961
2026-06-14 10:46:00,0.0000961
2026-06-14 10:46:30,0.000130
2026-06-14 10:47:00,0.000130
2026-06-14 10:47:30,0.000130
2026-06-14 10:48:00,0.000199
2026-06-14 10:48:30,0.000199
2026-06-14 10:49:00,0.000199
2026-06-14 10:49:30,0.000123
2026-06-14 10:50:00,0.000123
2026-06-14 10:50:30,0.000123
2026-06-14 10:51:00,0.000115
2026-06-14 10:51:30,0.000115
2026-06-14 10:52:00,0.000115
2026-06-14 10:52:30,0.000816
2026-06-14 10:53:00,0.000816
2026-06-14 10:53:30,0.000816
2026-06-14 10:54:00,0.000705
2026-06-14 10:54:30,0.000705
2026-06-14 10:55:00,0.000705
2026-06-14 10:55:30,0.000705
2026-06-14 10:56:00,0.000705
2026-06-14 10:56:30,0.000705
2026-06-14 10:57:00,0.000705
2026-06-14 10:57:30,0.000705
2026-06-14 10:58:00,0.000705
2026-06-14 10:58:30,0.000705
2026-06-14 10:59:00,0.000705
2026-06-14 10:59:30,0.000705
2026-06-14 11:00:00,0.000705
2026-06-14 11:00:30,0.000705
2026-06-14 11:01:00,0.000705
2026-06-14 11:01:30,0.000712
2026-06-14 11:02:00,0.000712
2026-06-14 11:02:30,0.000712
2026-06-14 11:03:00,0.000161
2026-06-14 11:03:30,0.000161
2026-06-14 11:04:00,0.000161
2026-06-14 11:04:30,0.000140
2026-06-14 11:05:00,0.000140
2026-06-14 11:05:30,0.000140
2026-06-14 11:06:00,0.000246
2026-06-14 11:06:30,0.000246
2026-06-14 11:07:00,0.000246
2026-06-14 11:07:30,0.000427
2026-06-14 11:08:00,0.000427
2026-06-14 11:08:30,0.000427
2026-06-14 11:09:00,0.000139
2026-06-14 11:09:30,0.000139
2026-06-14 11:10:00,0.000139
2026-06-14 11:10:30,0.000229
2026-06-14 11:11:00,0.000229
2026-06-14 11:11:30,0.000229
2026-06-14 11:12:00,0.000229
2026-06-14 11:12:30,0.000229
2026-06-14 11:13:00,0.000229
2026-06-14 11:13:30,0.000229
2026-06-14 11:14:00,0.000229
2026-06-14 11:14:30,0.000229
2026-06-14 11:15:00,0.000169
2026-06-14 11:15:30,0.000169
2026-06-14 11:16:00,0.000169
2026-06-14 11:16:30,0.000120
2026-06-14 11:17:00,0.000120
2026-06-14 11:17:30,0.000120
2026-06-14 11:18:00,0.0000701
2026-06-14 11:18:30,0.0000701
2026-06-14 11:19:00,0.0000701
2026-06-14 11:19:30,0.0000701
2026-06-14 11:20:00,0.0000701
2026-06-14 11:20:30,0.0000701
2026-06-14 11:21:00,0.0000701
2026-06-14 11:21:30,0.0000701
2026-06-14 11:22:00,0.0000701
2026-06-14 11:22:30,0.0000701
2026-06-14 11:23:00,0.0000701
2026-06-14 11:23:30,0.0000701
2026-06-14 11:24:00,0.0000701
2026-06-14 11:24:30,0.0000701
2026-06-14 11:25:00,0.0000701
2026-06-14 11:25:30,0.0000624
2026-06-14 11:26:00,0.0000624
2026-06-14 11:26:30,0.0000624
2026-06-14 11:27:00,0.000123
2026-06-14 11:27:30,0.000123
2026-06-14 11:28:00,