﻿﻿"Time","__name__","activity_factor","agent_id","average_daily_volume","average_roundtrip_volume","base_balance","base_collateral","base_loan","combined_score","exported_netuid","gentrx_score","hotkey","id","instance","inventory_value","inventory_value_change","job","kappa","kappa_penalty","kappa_score","min_daily_volume","min_roundtrip_volume","miner_gauge_name","netuid","placement","pnl","pnl_change","pnl_factor","pnl_score","quote_balance","quote_collateral","quote_loan","score","sim_id","task","total_daily_volume","total_realized_pnl","total_roundtrip_volume","unnormalized_score","wallet","Value"
2026-06-21 12:34:42.000,miners,0,0,0,0,8349,0,0,0,79,0,5EWwdZB7qCCMaAso5Mzcks4UUcPxKYvpAj32t5Mg1v6HSxoF,0,84.32.70.8:9001,112428,44.5,bittensor,None,0,0,0,0,miners,79,223,161822,44.5,1,0,3895207,0,0,0,20260614_1422,validator_metrics,0,0,0,0,5EWwdZB7qCCMaAso5Mzcks4UUcPxKYvpAj32t5Mg1v6HSxoF,1.00
2026-06-21 12:34:42.000,miners,0,107,2206,20.9,8352,148,227,None,79,0,5EWwdZB7qCCMaAso5Mzcks4UUcPxKYvpAj32t5Mg1v6HSxoF,0,84.32.70.8:9001,36807,39.1,bittensor,None,None,None,228,0,miners,79,225,36807,39.1,1,None,3952021,25247,41024,0,20260614_1422,validator_metrics,282309,45.0,2679,0,5EWwdZB7qCCMaAso5Mzcks4UUcPxKYvpAj32t5Mg1v6HSxoF,1.00
2026-06-21 12:34:42.000,miners,0,111,23136,0,17695,0,0,None,79,0,5EWwdZB7qCCMaAso5Mzcks4UUcPxKYvpAj32t5Mg1v6HSxoF,0,84.32.70.8:9001,89385,91.2,bittensor,None,None,None,9120,0,miners,79,252,89385,91.2,1,None,992240,0,0,0,20260614_1422,validator_metrics,2961362,0,0,0,5EWwdZB7qCCMaAso5Mzcks4UUcPxKYvpAj32t5Mg1v6HSxoF,1.00
2026-06-21 12:34:42.000,miners,0,113,0,0,8634,0,0,0,79,0,5EWwdZB7qCCMaAso5Mzcks4UUcPxKYvpAj32t5Mg1v6HSxoF,0,84.32.70.8:9001,103052,49.8,bittensor,None,0,0,0,0,miners,79,246,103052,49.8,1,0,3809816,0,0,0,20260614_1422,validator_metrics,0,0,0,0,5EWwdZB7qCCMaAso5Mzcks4UUcPxKYvpAj32t5Mg1v6HSxoF,1.00
2026-06-21 12:34:42.000,miners,0,12,22249,0,17182,0,0,None,79,0,5EWwdZB7qCCMaAso5Mzcks4UUcPxKYvpAj32t5Mg1v6HSxoF,0,84.32.70.8:9001,56042,88.6,bittensor,None,None,None,6768,0,miners,79,224,56042,88.6,1,None,1146985,0,0,0,20260614_1422,validator_metrics,2847923,0,0,0,5EWwdZB7qCCMaAso5Mzcks4UUcPxKYvpAj32t5Mg1v6HSxoF,1.00
2026-06-21 12:34:42.000,miners,0,130,18283,0,15566,0,0,None,79,0,5EWwdZB7qCCMaAso5Mzcks4UUcPxKYvpAj32t5Mg1v6HSxoF,0,84.32.70.8:9001,-2916,56.3,bittensor,None,None,None,2044,0,miners,79,244,-2916,56.3,1,None,1639868,0,0,0,20260614_1422,validator_metrics,2340186,0,0,0,5EWwdZB7qCCMaAso5Mzcks4UUcPxKYvpAj32t5Mg1v6HSxoF,1.00
2026-06-21 12:34:42.000,miners,0,131,23343,0,17646,0,0,None,79,0,5EWwdZB7qCCMaAso5Mzcks4UUcPxKYvpAj32t5Mg1v6HSxoF,0,84.32.70.8:9001,86021,90.1,bittensor,None,None,None,9645,0,miners,79,234,86021,90.1,1,None,1006141,0,0,0,20260614_1422,validator_metrics,2987853,0,0,0,5EWwdZB7qCCMaAso5Mzcks4UUcPxKYvpAj32t5Mg1v6HSxoF,1.00
2026-06-21 12:34:42.000,miners,0,14,23004,0,17439,0,0,None,79,0,5EWwdZB7qCCMaAso5Mzcks4UUcPxKYvpAj32t5Mg1v6HSxoF,0,84.32.70.8:9001,82546,90.0,bittensor,None,None,None,8177,0,miners,79,228,82546,90.0,1,None,1063633,0,0,0,20260614_1422,validator_metrics,2944553,0,0,0,5EWwdZB7qCCMaAso5Mzcks4UUcPxKYvpAj32t5Mg1v6HSxoF,1.00
2026-06-21 12:34:42.000,miners,0,145,23645,0,17917,0,0,None,79,0,5EWwdZB7qCCMaAso5Mzcks4UUcPxKYvpAj32t5Mg1v6HSxoF,0,84.32.70.8:9001,93087,95.3,bittensor,None,None,None,10046,0,miners,79,245,93087,95.3,1,None,930848,0,0,0,20260614_1422,validator_metrics,3026551,0,0,0,5EWwdZB7qCCMaAso5Mzcks4UUcPxKYvpAj32t5Mg1v6HSxoF,1.00
2026-06-21 12:34:42.000,miners,0,146,3688,240,9530,0,0,None,79,0,5EWwdZB7qCCMaAso5Mzcks4UUcPxKYvpAj32t5Mg1v6HSxoF,0,84.32.70.8:9001,19744,40.6,bittensor,None,None,None,214,0,miners,79,219,19744,40.6,1,None,3521763,0,0,5.92e-15,20260614_1422,validator_metrics,472010,107,30740,0,5EWwdZB7qCCMaAso5Mzcks4UUcPxKYvpAj32t5Mg1v6HSxoF,1.00
2026-06-21 12:34:42.000,miners,0,15,21999,0,17412,0,0,None,79,0,5EWwdZB7qCCMaAso5Mzcks4UUcPxKYvpAj32t5Mg1v6HSxoF,0,84.32.70.8:9001,82997,86.3,bittensor,None,None,None,6585,0,miners,79,227,82997,86.3,1,None,1082565,0,0,0,20260614_1422,validator_metrics,2815926,0,0,0,5EWwdZB7qCCMaAso5Mzcks4UUcPxKYvpAj32t5Mg1v6HSxoF,1.00
2026-06-21 12:34:42.000,miners,0,179,23403,0,17949,0,0,None,79,0,5EWwdZB7qCCMaAso5Mzcks4UUcPxKYvpAj32t5Mg1v6HSxoF,0,84.32.70.8:9001,95857,97.1,bittensor,None,None,None,11802,0,miners,79,238,95857,97.1,1,None,924130,0,0,0,20260614_1422,validator_metrics,2995629,0,0,0,5EWwdZB7qCCMaAso5Mzcks4UUcPxKYvpAj32t5Mg1v6HSxoF,1.00
2026-06-21 12:34:42.000,miners,0,181,22858,0,17921,0,0,None,79,0,5EWwdZB7qCCMaAso5Mzcks4UUcPxKYvpAj32t5Mg1v6HSxoF,0,84.32.70.8:9001,94985,95.3,bittensor,None,None,None,11688,0,miners,79,239,94985,95.3,1,None,939267,0,0,0,20260614_1422,validator_metrics,2925775,0,0,0,5EWwdZB7qCCMaAso5Mzcks4UUcPxKYvpAj32t5Mg1v6HSxoF,1.00
2026-06-21 12:34:42.000,miners,0,184,21057,0,16650,0,0,None,79,0,5EWwdZB7qCCMaAso5Mzcks4UUcPxKYvpAj32t5Mg1v6HSxoF,0,84.32.70.8:9001,3573,72.7,bittensor,None,None,None,5038,0,miners,79,240,3573,72.7,1,None,1294589,0,0,0,20260614_1422,validator_metrics,2695244,0,0,0,5EWwdZB7qCCMaAso5Mzcks4UUcPxKYvpAj32t5Mg1v6HSxoF,1.00
2026-06-21 12:34:42.000,miners,0,185,23958,0,17992,0,0,None,79,0,5EWwdZB7qCCMaAso5Mzcks4UUcPxKYvpAj32t5Mg1v6HSxoF,0,84.32.70.8:9001,71766,96.5,bittensor,None,None,None,11075,0,miners,79,241,71766,96.5,1,None,899464,0,0,0,20260614_1422,validator_metrics,3066635,0,0,0,5EWwdZB7qCCMaAso5Mzcks4UUcPxKYvpAj32t5Mg1v6HSxoF,1.00
2026-06-21 12:34:42.000,miners,0,189,4009,215,9606,0,0,None,79,0,5EWwdZB7qCCMaAso5Mzcks4UUcPxKYvpAj32t5Mg1v6HSxoF,0,84.32.70.8:9001,19912,53.3,bittensor,None,None,None,289,0,miners,79,220,19912,53.3,1,None,3500144,0,0,8.17e-16,20260614_1422,validator_metrics,513202,200,27581,0,5EWwdZB7qCCMaAso5Mzcks4UUcPxKYvpAj32t5Mg1v6HSxoF,1.00
2026-06-21 12:34:42.000,miners,0,2,21596,0,17426,0,0,None,79,0,5EWwdZB7qCCMaAso5Mzcks4UUcPxKYvpAj32t5Mg1v6HSxoF,0,84.32.70.8:9001,82217,92.4,bittensor,None,None,None,6978,0,miners,79,230,82217,92.4,1,None,1076125,0,0,0,20260614_1422,validator_metrics,2764329,0,0,0,5EWwdZB7qCCMaAso5Mzcks4UUcPxKYvpAj32t5Mg1v6HSxoF,1.00
2026-06-21 12:34:42.000,miners,0,20,22274,0,17426,0,0,None,79,0,5EWwdZB7qCCMaAso5Mzcks4UUcPxKYvpAj32t5Mg1v6HSxoF,0,84.32.70.8:9001,81960,88.4,bittensor,None,None,None,7316,0,miners,79,253,81960,88.4,1,None,1076671,0,0,0,20260614_1422,validator_metrics,2851085,0,0,0,5EWwdZB7qCCMaAso5Mzcks4UUcPxKYvpAj32t5Mg1v6HSxoF,1.00
2026-06-21 12:34:42.000,miners,0,209,22864,0,17903,0,0,None,79,0,5EWwdZB7qCCMaAso5Mzcks4UUcPxKYvpAj32t5Mg1v6HSxoF,0,84.32.70.8:9001,92731,94.9,bittensor,None,None,None,12668,0,miners,79,250,92731,94.9,1,None,945356,0,0,0,20260614_1422,validator_metrics,2926640,0,0,0,5EWwdZB7qCCMaAso5Mzcks4UUcPxKYvpAj32t5Mg1v6HSxoF,1.00
2026-06-21 12:34:42.000,miners,0,210,6055,839,8656,0,0,None,79,0,5EWwdZB7qCCMaAso5Mzcks4UUcPxKYvpAj32t5Mg1v6HSxoF,0,84.32.70.8:9001,40112,49.5,bittensor,None,None,None,0,0,miners,79,251,40112,49.5,1,None,3841074,0,0,0,20260614_1422,validator_metrics,775030,79.9,107382,0,5EWwdZB7qCCMaAso5Mzcks4UUcPxKYvpAj32t5Mg1v6HSxoF,1.00
2026-06-21 12:34:42.000,miners,0,218,24548,12229,8404,0,0,None,79,0,5EWwdZB7qCCMaAso5Mzcks4UUcPxKYvpAj32t5Mg1v6HSxoF,0,84.32.70.8:9001,34102,57.0,bittensor,None,None,None,77.3,0,miners,79,214,34102,57.0,1,None,3879708,0,0,4.58e-13,20260614_1422,validator_metrics,3142180,1509,1565369,0,5EWwdZB7qCCMaAso5Mzcks4UUcPxKYvpAj32t5Mg1v6HSxoF,1.00
2026-06-21 12:34:42.000,miners,0,219,26723,13314,8454,0,0,None,79,0,5EWwdZB7qCCMaAso5Mzcks4UUcPxKYvpAj32t5Mg1v6HSxoF,0,84.32.70.8:9001,36762,41.8,bittensor,None,None,None,73.8,0,miners,79,213,36762,41.8,1,None,3865118,0,0,4.8e-13,20260614_1422,validator_metrics,3420559,1719,1704172,0,5EWwdZB7qCCMaAso5Mzcks4UUcPxKYvpAj32t5Mg1v6HSxoF,1.00
2026-06-21 12:34:42.000,miners,0,222,52078,23104,7909,0,0,None,79,0,5EWwdZB7qCCMaAso5Mzcks4UUcPxKYvpAj32t5Mg1v6HSxoF,0,84.32.70.8:9001,55482,33.4,bittensor,None,None,None,15843,4882,miners,79,222,55482,33.4,1,None,3992334,0,0,4.36e-19,20260614_1422,validator_metrics,6665972,-3635,2957335,0,5EWwdZB7qCCMaAso5Mzcks4UUcPxKYvpAj32t5Mg1v6HSxoF,1.00
2026-06-21 12:34:42.000,miners,0,226,21485,0,17309,0,0,None,79,0,5EWwdZB7qCCMaAso5Mzcks4UUcPxKYvpAj32t5Mg1v6HSxoF,0,84.32.70.8:9001,8655,80.1,bittensor,None,None,None,6706,0,miners,79,254,8655,80.1,1,None,1100470,0,0,0,20260614_1422,validator_metrics,2750108,0,0,0,5EWwdZB7qCCMaAso5Mzcks4UUcPxKYvpAj32t5Mg1v6HSxoF,1.00
2026-06-21 12:34:42.000,miners,0,227,23888,0,17869,0,0,None,79,0,5EWwdZB7qCCMaAso5Mzcks4UUcPxKYvpAj32t5Mg1v6HSxoF,0,84.32.70.8:9001,95237,96.8,bittensor,None,None,None,13674,0,miners,79,255,95237,96.8,1,None,949028,0,0,0,20260614_1422,validator_metrics,3057626,0,0,0,5EWwdZB7qCCMaAso5Mzcks4UUcPxKYvpAj32t5Mg1v6HSxoF,1.00
2026-06-21 12:34:42.000,miners,0,230,3389,1660,8444,0,0,None,79,0,5EWwdZB7qCCMaAso5Mzcks4UUcPxKYvpAj32t5Mg1v6HSxoF,0,84.32.70.8:9001,155,32.8,bittensor,None,None,None,69.2,0,miners,79,218,155,32.8,1,None,3866910,0,0,7.32e-15,20260614_1422,validator_metrics,433799,170,212512,0,5EWwdZB7qCCMaAso5Mzcks4UUcPxKYvpAj32t5Mg1v6HSxoF,1.00
2026-06-21 12:34:42.000,miners,0,231,22566,0,17627,0,0,None,79,0,5EWwdZB7qCCMaAso5Mzcks4UUcPxKYvpAj32t5Mg1v6HSxoF,0,84.32.70.8:9001,35521,90.5,bittensor,None,None,None,9141,0,miners,79,256,35521,90.5,1,None,1013552,0,0,0,20260614_1422,validator_metrics,2888414,0,0,0,5EWwdZB7qCCMaAso5Mzcks4UUcPxKYvpAj32t5Mg1v6HSxoF,1.00
2026-06-21 12:34:42.000,miners,0,239,24158,0,17998,0,0,None,79,0,5EWwdZB7qCCMaAso5Mzcks4UUcPxKYvpAj32t5Mg1v6HSxoF,0,84.32.70.8:9001,89518,97.0,bittensor,None,None,None,13777,0,miners,79,232,89518,97.0,1,None,912683,0,0,0,20260614_1422,validator_metrics,3092197,0,0,0,5EWwdZB7qCCMaAso5Mzcks4UUcPxKYvpAj32t5Mg1v6HSxoF,1.00
2026-06-21 12:34:42.000,miners,0,244,14756,5916,8520,28.0,41.6,None,79,0,5EWwdZB7qCCMaAso5Mzcks4UUcPxKYvpAj32t5Mg1v6HSxoF,0,84.32.70.8:9001,5961,50.3,bittensor,None,None,None,3146,1542,miners,79,216,5961,50.3,1,None,3846743,12109,18701,1.85e-13,20260614_1422,validator_metrics,1888816,868,757253,0,5EWwdZB7qCCMaAso5Mzcks4UUcPxKYvpAj32t5Mg1v6HSxoF,1.00
2026-06-21 12:34:42.000,miners,0,251,23355,0,17401,0,0,None,79,0,5EWwdZB7qCCMaAso5Mzcks4UUcPxKYvpAj32t5Mg1v6HSxoF,0,84.32.70.8:9001,23465,91.4,bittensor,None,None,None,8170,0,miners,79,231,23465,91.4,1,None,1078199,0,0,0,20260614_1422,validator_metrics,2989443,0,0,0,5EWwdZB7qCCMaAso5Mzcks4UUcPxKYvpAj32t5Mg1v6HSxoF,1.00
2026-06-21 12:34:42.000,miners,0,253,0,0,8139,0,0,0,79,0,5EWwdZB7qCCMaAso5Mzcks4UUcPxKYvpAj32t5Mg1v6HSxoF,0,84.32.70.8:9001,94612,56.5,bittensor,None,0,0,0,0,miners,79,229,141415,56.5,1,0,3958288,0,0,0,20260614_1422,validator_metrics,0,0,0,0,5EWwdZB7qCCMaAso5Mzcks4UUcPxKYvpAj32t5Mg1v6HSxoF,1.00
2026-06-21 12:34:42.000,miners,0,254,100135,46548,7524,57.2,87.0,None,79,0,5EWwdZB7qCCMaAso5Mzcks4UUcPxKYvpAj32t5Mg1v6HSxoF,0,84.32.70.8:9001,58879,31.1,bittensor,None,None,None,48794,20452,miners,79,221,58879,31.1,1,None,4214833,35350,51338,3.99e-18,20260614_1422,validator_metrics,12817261,-8711,5958112,0,5EWwdZB7qCCMaAso5Mzcks4UUcPxKYvpAj32t5Mg1v6HSxoF,1.00
2026-06-21 12:34:42.000,miners,0,255,23237,0,17977,0,0,None,79,0,5EWwdZB7qCCMaAso5Mzcks4UUcPxKYvpAj32t5Mg1v6HSxoF,0,84.32.70.8:9001,69155,95.0,bittensor,None,None,None,13410,0,miners,79,226,69155,95.0,1,None,916141,0,0,0,20260614_1422,validator_metrics,2974356,0,0,0,5EWwdZB7qCCMaAso5Mzcks4UUcPxKYvpAj32t5Mg1v6HSxoF,1.00
2026-06-21 12:34:42.000,miners,0,27,14413,3769,6640,0,0,None,79,0,5EWwdZB7qCCMaAso5Mzcks4UUcPxKYvpAj32t5Mg1v6HSxoF,0,84.32.70.8:9001,20835,26.1,bittensor,None,None,None,7397,0,miners,79,215,20835,26.1,1,None,4466230,0,0,2.99e-13,20260614_1422,validator_metrics,1844893,397,482403,0,5EWwdZB7qCCMaAso5Mzcks4UUcPxKYvpAj32t5Mg1v6HSxoF,1.00
2026-06-21 12:34:42.000,miners,0,33,0,0,8113,0,0,0,79,0,5EWwdZB7qCCMaAso5Mzcks4UUcPxKYvpAj32t5Mg1v6HSxoF,0,84.32.70.8:9001,92248,37.7,bittensor,None,0,0,0,0,miners,79,249,142157,37.7,1,0,3966210,0,0,0,20260614_1422,validator_metrics,0,0,0,0,5EWwdZB7qCCMaAso5Mzcks4UUcPxKYvpAj32t5Mg1v6HSxoF,1.00
2026-06-21 12:34:42.000,miners,0,35,22961,0,17473,0,0,None,79,0,5EWwdZB7qCCMaAso5Mzcks4UUcPxKYvpAj32t5Mg1v6HSxoF,0,84.32.70.8:9001,79096,90.5,bittensor,None,None,None,7873,0,miners,79,248,79096,90.5,1,None,1056509,0,0,0,20260614_1422,validator_metrics,2938973,0,0,0,5EWwdZB7qCCMaAso5Mzcks4UUcPxKYvpAj32t5Mg1v6HSxoF,1.00
2026-06-21 12:34:42.000,miners,0,36,3191,1562,8405,0,0,None,79,0,5EWwdZB7qCCMaAso5Mzcks4UUcPxKYvpAj32t5Mg1v6HSxoF,0,84.32.70.8:9001,565,50.6,bittensor,None,None,None,69.2,0,miners,79,217,565,50.6,1,None,3878567,0,0,8.35e-15,20260614_1422,validator_metrics,408436,158,199966,0,5EWwdZB7qCCMaAso5Mzcks4UUcPxKYvpAj32t5Mg1v6HSxoF,1.00
2026-06-21 12:34:42.000,miners,0,38,18785,0,15697,0,0,None,79,0,5EWwdZB7qCCMaAso5Mzcks4UUcPxKYvpAj32t5Mg1v6HSxoF,0,84.32.70.8:9001,-981,55.0,bittensor,None,None,None,2662,0,miners,79,247,-981,55.0,1,None,1595764,0,0,0,20260614_1422,validator_metrics,2404419,0,0,0,5EWwdZB7qCCMaAso5Mzcks4UUcPxKYvpAj32t5Mg1v6HSxoF,1.00
2026-06-21 12:34:42.000,miners,0,43,44875,11343,17394,0,0,None,79,0,5EWwdZB7qCCMaAso5Mzcks4UUcPxKYvpAj32t5Mg1v6HSxoF,0,84.32.70.8:9001,94924,89.8,bittensor,None,None,None,78.0,0,miners,79,212,94924,89.8,1,None,1099948,0,0,5.42e-12,20260614_1422,validator_metrics,5743936,20544,1451947,0,5EWwdZB7qCCMaAso5Mzcks4UUcPxKYvpAj32t5Mg1v6HSxoF,1.00
2026-06-21 12:34:42.000,miners,0,45,22340,0,17461,0,0,None,79,0,5EWwdZB7qCCMaAso5Mzcks4UUcPxKYvpAj32t5Mg1v6HSxoF,0,84.32.70.8:9001,92165,89.7,bittensor,None,None,None,7872,0,miners,79,233,92165,89.7,1,None,1069169,0,0,0,20260614_1422,validator_metrics,2859524,0,0,0,5EWwdZB7qCCMaAso5Mzcks4UUcPxKYvpAj32t5Mg1v6HSxoF,1.00
2026-06-21 12:34:42.000,miners,0,56,20973,0,17143,0,0,None,79,0,5EWwdZB7qCCMaAso5Mzcks4UUcPxKYvpAj32t5Mg1v6HSxoF,0,84.32.70.8:9001,47947,82.0,bittensor,None,None,None,6954,0,miners,79,243,47947,82.0,1,None,1165318,0,0,0,20260614_1422,validator_metrics,2684607,0,0,0,5EWwdZB7qCCMaAso5Mzcks4UUcPxKYvpAj32t5Mg1v6HSxoF,1.00
2026-06-21 12:34:42.000,miners,0,58,0,0,8199,0,0,0,79,0,5EWwdZB7qCCMaAso5Mzcks4UUcPxKYvpAj32t5Mg1v6HSxoF,0,84.32.70.8:9001,99322,47.7,bittensor,None,0,0,0,0,miners,79,242,149718,47.7,1,0,3940303,0,0,0,20260614_1422,validator_metrics,0,0,0,0,5EWwdZB7qCCMaAso5Mzcks4UUcPxKYvpAj32t5Mg1v6HSxoF,1.00
2026-06-21 12:34:42.000,miners,0,68,23089,0,17482,0,0,None,79,0,5EWwdZB7qCCMaAso5Mzcks4UUcPxKYvpAj32t5Mg1v6HSxoF,0,84.32.70.8:9001,66530,85.4,bittensor,None,None,None,7582,0,miners,79,237,66530,85.4,1,None,1057608,0,0,0,20260614_1422,validator_metrics,2955443,0,0,0,5EWwdZB7qCCMaAso5Mzcks4UUcPxKYvpAj32t5Mg1v6HSxoF,1.00
2026-06-21 12:34:42.000,miners,0,73,21604,0,17499,0,0,None,79,0,5EWwdZB7qCCMaAso5Mzcks4UUcPxKYvpAj32t5Mg1v6HSxoF,0,84.32.70.8:9001,59008,87.2,bittensor,None,None,None,6123,0,miners,79,236,59008,87.2,1,None,1057895,0,0,0,20260614_1422,validator_metrics,2765329,0,0,0,5EWwdZB7qCCMaAso5Mzcks4UUcPxKYvpAj32t5Mg1v6HSxoF,1.00
2026-06-21 12:34:42.000,miners,0,83,0,0,8353,0,0,None,79,0,5EWwdZB7qCCMaAso5Mzcks4UUcPxKYvpAj32t5Mg1v6HSxoF,0,84.32.70.8:9001,251,50.3,bittensor,None,None,None,0,0,miners,79,235,251,50.3,1,None,3893965,0,0,0,20260614_1422,validator_metrics,0,0,0,0,5EWwdZB7qCCMaAso5Mzcks4UUcPxKYvpAj32t5Mg1v6HSxoF,1.00
2026-06-21 12:34:42.000,miners,0.445,74,9458,1343,10639,0,0,0.394,79,0,5EWwdZB7qCCMaAso5Mzcks4UUcPxKYvpAj32t5Mg1v6HSxoF,0,84.32.70.8:9001,93871,58.6,bittensor,0.00567,0,0.499,403,0,miners,79,160,93871,58.6,1,2.8e-12,3220116,0,0,0.159,20260614_1422,validator_metrics,1210617,1377,171942,0,5EWwdZB7qCCMaAso5Mzcks4UUcPxKYvpAj32t5Mg1v6HSxoF,1.00
2026-06-21 12:34:42.000,miners,0.625,90,7346,1133,10531,0,0,0.390,79,0,5EWwdZB7qCCMaAso5Mzcks4UUcPxKYvpAj32t5Mg1v6HSxoF,0,84.32.70.8:9001,78624,55.3,bittensor,0.00532,0.00671,0.494,109,0,miners,79,187,78624,55.3,1,3.41e-12,3250023,0,0,0.104,20260614_1422,validator_metrics,940276,2070,144971,0,5EWwdZB7qCCMaAso5Mzcks4UUcPxKYvpAj32t5Mg1v6HSxoF,1.00
2026-06-21 12:34:42.000,miners,0.742,93,9902,1944,10475,0,0,0.389,79,0,5EWwdZB7qCCMaAso5Mzcks4UUcPxKYvpAj32t5Mg1v6HSxoF,0,84.32.70.8:9001,92269,56.2,bittensor,0.00504,0.00858,0.492,118,0,miners,79,200,92269,56.2,1,5.39e-12,3264155,0,0,0.0765,20260614_1422,validator_metrics,1267509,3288,248818,0,5EWwdZB7qCCMaAso5Mzcks4UUcPxKYvpAj32t5Mg1v6HSxoF,1.00
2026-06-21 12:34:42.000,miners,0.750,88,12895,2390,7780,12.8,19.2,0.383,79,0,5EWwdZB7qCCMaAso5Mzcks4UUcPxKYvpAj32t5Mg1v6HSxoF,0,84.32.70.8:9001,62693,43.5,bittensor,-0.00266,0.0131,0.485,4096,0,miners,79,209,62693,43.5,1,-2.75e-12,4137693,4572,6904,0.0511,20260614_1422,validator_metrics,1650545,65.6,305891,0,5EWwdZB7qCCMaAso5Mzcks4UUcPxKYvpAj32t5Mg1v6HSxoF,1.00
2026-06-21 12:34:42.000,miners,0.898,9,10714,2405,10518,0,0,0.390,79,0,5EWwdZB7qCCMaAso5Mzcks4UUcPxKYvpAj32t5Mg1v6HSxoF,0,84.32.70.8:9001,88406,54.3,bittensor,0.00550,0.00688,0.494,588,0,miners,79,192,88406,54.3,1,6.57e-12,3259052,0,0,0.0968,20260614_1422,validator_metrics,1371340,2425,307902,0,5EWwdZB7qCCMaAso5Mzcks4UUcPxKYvpAj32t5Mg1v6HSxoF,1.00
2026-06-21 12:34:42.000,miners,0.930,89,24818,5851,13667,0,0,0.377,79,0,5EWwdZB7qCCMaAso5Mzcks4UUcPxKYvpAj32t5Mg1v6HSxoF,0,84.32.70.8:9001,104778,86.5,bittensor,0.0297,0.0288,0.477,6158,0,miners,79,203,104778,86.5,1,4.32e-11,2258975,0,0,0.0670,20260614_1422,validator_metrics,3176674,8303,748907,0,5EWwdZB7qCCMaAso5Mzcks4UUcPxKYvpAj32t5Mg1v6HSxoF,1.00
2026-06-21 12:34:42.000,miners,0.953,215,30493,8045,13973,0,0,0.363,79,0,5EWwdZB7qCCMaAso5Mzcks4UUcPxKYvpAj32t5Mg1v6HSxoF,0,84.32.70.8:9001,107086,88.8,bittensor,0.0383,0.0485,0.459,8049,0,miners,79,206,107086,88.8,1,7.86e-11,2163125,0,0,0.0598,20260614_1422,validator_metrics,3903161,12361,1029717,0,5EWwdZB7qCCMaAso5Mzcks4UUcPxKYvpAj32t5Mg1v6HSxoF,1.00
2026-06-21 12:34:42.000,miners,0.961,233,36282,15571,6426,0,0,0.394,79,0,5EWwdZB7qCCMaAso5Mzcks4UUcPxKYvpAj32t5Mg1v6HSxoF,0,84.32.70.8:9001,193163,22.7,bittensor,-0.00377,0,0.499,0,0,miners,79,135,193163,22.7,1,-2.45e-11,4485293,0,0,0.252,20260614_1422,validator_metrics,4644072,-3924,1993118,0,5EWwdZB7qCCMaAso5Mzcks4UUcPxKYvpAj32t5Mg1v6HSxoF,1.00
2026-06-21 12:34:42.000,miners,0.969,54,34890,10654,13991,0,0,0.350,79,0,5EWwdZB7qCCMaAso5Mzcks4UUcPxKYvpAj32t5Mg1v6HSxoF,0,84.32.70.8:9001,111717,84.0,bittensor,0.0376,0.0649,0.443,7905,0,miners,79,208,111717,84.0,1,1.03e-10,2169000,0,0,0.0578,20260614_1422,validator_metrics,4465937,15493,1363684,0,5EWwdZB7qCCMaAso5Mzcks4UUcPxKYvpAj32t5Mg1v6HSxoF,1.00
2026-06-21 12:34:42.000,miners,0.977,166,17881,6399,6315,0,0,0.394,79,0,5EWwdZB7qCCMaAso5Mzcks4UUcPxKYvpAj32t5Mg1v6HSxoF,0,84.32.70.8:9001,152418,19.2,bittensor,-0.00400,0,0.499,0,0,miners,79,139,152418,19.2,1,-1.8e-11,4524617,0,0,0.238,20260614_1422,validator_metrics,2288806,-7373,819070,0,5EWwdZB7qCCMaAso5Mzcks4UUcPxKYvpAj32t5Mg1v6HSxoF,1.00
2026-06-21 12:34:42.000,miners,0.977,95,39196,12412,14321,0,0,0.355,79,0,5EWwdZB7qCCMaAso5Mzcks4UUcPxKYvpAj32t5Mg1v6HSxoF,0,84.32.70.8:9001,111667,87.3,bittensor,0.0501,0.0609,0.449,11016,0,miners,79,207,111667,87.3,1,1.29e-10,2073378,0,0,0.0578,20260614_1422,validator_metrics,5017077,17915,1588781,0,5EWwdZB7qCCMaAso5Mzcks4UUcPxKYvpAj32t5Mg1v6HSxoF,1.00
2026-06-21 12:34:42.000,miners,0.984,60,157723,78723,8245,0,0,0.407,79,0,5EWwdZB7qCCMaAso5Mzcks4UUcPxKYvpAj32t5Mg1v6HSxoF,0,84.32.70.8:9001,210573,35.3,bittensor,0.0780,0,0.516,1430,480,miners,79,4,210573,35.3,1,1.34e-11,3938905,0,0,10.6,20260614_1422,validator_metrics,20188560,1247,10076503,0,5EWwdZB7qCCMaAso5Mzcks4UUcPxKYvpAj32t5Mg1v6HSxoF,1.00
2026-06-21 12:34:42.000,miners,0.992,106,67095,25181,8240,0,0,0.396,79,0,5EWwdZB7qCCMaAso5Mzcks4UUcPxKYvpAj32t5Mg1v6HSxoF,0,84.32.70.8:9001,88842,-7.26,bittensor,0.00614,0,0.501,28226,0,miners,79,76,88842,-7.26,1,1.17e-10,3922070,0,0,0.526,20260614_1422,validator_metrics,8588199,19882,3223167,0,5EWwdZB7qCCMaAso5Mzcks4UUcPxKYvpAj32t5Mg1v6HSxoF,1.00
2026-06-21 12:34:42.000,miners,0.992,114,87921,37043,14159,0,0,0.400,79,0,5EWwdZB7qCCMaAso5Mzcks4UUcPxKYvpAj32t5Mg1v6HSxoF,0,84.32.70.8:9001,233924,85.7,bittensor,0.0337,0,0.507,16055,0,miners,79,13,233924,85.7,1,1.11e-10,2152564,0,0,2.50,20260614_1422,validator_metrics,11253931,19875,4741519,0,5EWwdZB7qCCMaAso5Mzcks4UUcPxKYvpAj32t5Mg1v6HSxoF,1.00
2026-06-21 12:34:42.000,miners,0.992,19,54121,22832,6584,0,0,0.375,79,0,5EWwdZB7qCCMaAso5Mzcks4UUcPxKYvpAj32t5Mg1v6HSxoF,0,84.32.70.8:9001,57133,27.1,bittensor,-0.0153,0.0219,0.475,366,66.3,miners,79,205,57133,27.1,1,-8.71e-12,4476230,0,0,0.0622,20260614_1422,validator_metrics,6927443,-11361,2922477,0,5EWwdZB7qCCMaAso5Mzcks4UUcPxKYvpAj32t5Mg1v6HSxoF,1.00
2026-06-21 12:34:42.000,miners,0.992,211,92792,39215,14331,0,0,0.405,79,0,5EWwdZB7qCCMaAso5Mzcks4UUcPxKYvpAj32t5Mg1v6HSxoF,0,84.32.70.8:9001,234254,88.9,bittensor,0.0657,0,0.513,19755,0,miners,79,5,234254,88.9,1,1.51e-10,2089949,0,0,5.53,20260614_1422,validator_metrics,11877436,26865,5019561,0,5EWwdZB7qCCMaAso5Mzcks4UUcPxKYvpAj32t5Mg1v6HSxoF,1.00
2026-06-21 12:34:42.000,miners,0.992,32,96906,44286,7564,0,0,0.381,79,0,5EWwdZB7qCCMaAso5Mzcks4UUcPxKYvpAj32t5Mg1v6HSxoF,0,84.32.70.8:9001,67196,49.0,bittensor,-0.00477,0.0162,0.483,26021,6418,miners,79,204,67196,49.0,1,-8.5e-11,4127593,0,0,0.0644,20260614_1422,validator_metrics,12403996,-7571,5668640,0,5EWwdZB7qCCMaAso5Mzcks4UUcPxKYvpAj32t5Mg1v6HSxoF,1.00
2026-06-21 12:34:42.000,miners,1,1,310157,153868,7903,0,0,0.403,79,0,5EWwdZB7qCCMaAso5Mzcks4UUcPxKYvpAj32t5Mg1v6HSxoF,0,84.32.70.8:9001,74229,46.8,bittensor,0.0475,0,0.510,232052,114016,miners,79,11,74229,46.8,1,3.38e-11,4015094,0,0,3.03,20260614_1422,validator_metrics,39700058,2368,19695046,0,5EWwdZB7qCCMaAso5Mzcks4UUcPxKYvpAj32t5Mg1v6HSxoF,1.00
2026-06-21 12:34:42.000,miners,1,10,99437,46265,10597,0,0,0.397,79,0,5EWwdZB7qCCMaAso5Mzcks4UUcPxKYvpAj32t5Mg1v6HSxoF,0,84.32.70.8:9001,124639,53.5,bittensor,0.0108,0,0.502,44943,16904,miners,79,52,124639,53.5,1,9.51e-11,3242651,0,0,0.834,20260614_1422,validator_metrics,12727875,16619,5921863,0,5EWwdZB7qCCMaAso5Mzcks4UUcPxKYvpAj32t5Mg1v6HSxoF,1.00
2026-06-21 12:34:42.000,miners,1,100,33060,16488,8483,0,0,0.395,79,0,5EWwdZB7qCCMaAso5Mzcks4UUcPxKYvpAj32t5Mg1v6HSxoF,0,84.32.70.8:9001,195801,72.3,bittensor,-0.00155,0,0.500,9254,4625,miners,79,130,195801,72.3,1,-9.28e-13,3855663,0,0,0.269,20260614_1422,validator_metrics,4231724,45.6,2110525,0,5EWwdZB7qCCMaAso5Mzcks4UUcPxKYvpAj32t5Mg1v6HSxoF,1.00
2026-06-21 12:34:42.000,miners,1,101,180319,79905,17287,0,0,0.392,79,0,5EWwdZB7qCCMaAso5Mzcks4UUcPxKYvpAj32t5Mg1v6HSxoF,0,84.32.70.8:9001,355744,93.2,bittensor,-0.0165,0,0.497,50708,7691,miners,79,167,355744,93.2,1,-9.58e-11,1269653,0,0,0.143,20260614_1422,validator_metrics,23080874,13071,10227886,0,5EWwdZB7qCCMaAso5Mzcks4UUcPxKYvpAj32t5Mg1v6HSxoF,1.00
2026-06-21 12:34:42.000,miners,1,102,297823,147146,8273,0,0,0.400,79,0,5EWwdZB7qCCMaAso5Mzcks4UUcPxKYvpAj32t5Mg1v6HSxoF,0,84.32.70.8:9001,86288,50.8,bittensor,0.0324,0,0.506,191736,93659,miners,79,17,86288,50.8,1,3.65e-11,3903882,0,0,1.96,20260614_1422,validator_metrics,38121378,2591,18834728,0,5EWwdZB7qCCMaAso5Mzcks4UUcPxKYvpAj32t5Mg1v6HSxoF,1.00
2026-06-21 12:34:42.000,miners,1,103,33720,7704,15752,0,0,0.398,79,0,5EWwdZB7qCCMaAso5Mzcks4UUcPxKYvpAj32t5Mg1v6HSxoF,0,84.32.70.8:9001,113547,60.8,bittensor,0.0181,0,0.504,22646,2885,miners,79,30,113547,60.8,1,8.48e-11,1635136,0,0,1.30,20260614_1422,validator_metrics,4316193,10947,986151,0,5EWwdZB7qCCMaAso5Mzcks4UUcPxKYvpAj32t5Mg1v6HSxoF,1.00
2026-06-21 12:34:42.000,miners,1,104,36338,15396,10585,0,0,0.396,79,0,5EWwdZB7qCCMaAso5Mzcks4UUcPxKYvpAj32t5Mg1v6HSxoF,0,84.32.70.8:9001,-69903,54.3,bittensor,0.00928,0,0.502,11091,4524,miners,79,58,-69903,54.3,1,3.82e-11,3233405,0,0,0.773,20260614_1422,validator_metrics,4651260,10454,1970659,0,5EWwdZB7qCCMaAso5Mzcks4UUcPxKYvpAj32t5Mg1v6HSxoF,1.00
2026-06-21 12:34:42.000,miners,1,105,24519,9056,10726,0,0,0.396,79,0,5EWwdZB7qCCMaAso5Mzcks4UUcPxKYvpAj32t5Mg1v6HSxoF,0,84.32.70.8:9001,263906,54.4,bittensor,0.00935,0,0.502,5796,944,miners,79,61,263906,54.4,1,7.71e-11,3245050,0,0,0.736,20260614_1422,validator_metrics,3138393,13913,1159169,0,5EWwdZB7qCCMaAso5Mzcks4UUcPxKYvpAj32t5Mg1v6HSxoF,1.00
2026-06-21 12:34:42.000,miners,1,108,132519,66140,8198,0,0,0.395,79,0,5EWwdZB7qCCMaAso5Mzcks4UUcPxKYvpAj32t5Mg1v6HSxoF,0,84.32.70.8:9001,-122435,59.4,bittensor,0.00224,0,0.500,112827,56420,miners,79,88,-122435,59.4,1,1.67e-12,3944641,0,0,0.456,20260614_1422,validator_metrics,16962450,-9.19,8465911,0,5EWwdZB7qCCMaAso5Mzcks4UUcPxKYvpAj32t5Mg1v6HSxoF,1.00
2026-06-21 12:34:42.000,miners,1,109,281374,135567,9246,24.6,37.8,0.395,79,0,5EWwdZB7qCCMaAso5Mzcks4UUcPxKYvpAj32t5Mg1v6HSxoF,0,84.32.70.8:9001,-116637,13.8,bittensor,-0.00151,0,0.500,236232,113489,miners,79,102,-116637,13.8,1,-7.8e-12,3741925,4671,7408,0.379,20260614_1422,validator_metrics,36015825,6561,17352578,0,5EWwdZB7qCCMaAso5Mzcks4UUcPxKYvpAj32t5Mg1v6HSxoF,1.00
2026-06-21 12:34:42.000,miners,1,11,78758,35279,7874,14.0,21.4,0.394,79,0,5EWwdZB7qCCMaAso5Mzcks4UUcPxKYvpAj32t5Mg1v6HSxoF,0,84.32.70.8:9001,59879,22.0,bittensor,-0.00808,0,0.498,51746,21918,miners,79,155,59879,22.0,1,-5.93e-11,4101550,4076,6186,0.173,20260614_1422,validator_metrics,10080976,-10498,4515720,0,5EWwdZB7qCCMaAso5Mzcks4UUcPxKYvpAj32t5Mg1v6HSxoF,1.00
2026-06-21 12:34:42.000,miners,1,110,207012,103284,8099,0,0,0.397,79,0,5EWwdZB7qCCMaAso5Mzcks4UUcPxKYvpAj32t5Mg1v6HSxoF,0,84.32.70.8:9001,-100754,63.5,bittensor,0.0116,0,0.502,169328,84655,miners,79,48,-100754,63.5,1,1.58e-11,3969157,0,0,0.890,20260614_1422,validator_metrics,26497582,1619,13220366,0,5EWwdZB7qCCMaAso5Mzcks4UUcPxKYvpAj32t5Mg1v6HSxoF,1.00
2026-06-21 12:34:42.000,miners,1,112,499970,238381,18327,0,0,0,79,0,5EWwdZB7qCCMaAso5Mzcks4UUcPxKYvpAj32t5Mg1v6HSxoF,0,84.32.70.8:9001,160031,107,bittensor,-0.0183,0,0,494649,228341,miners,79,210,160031,107,1,0,960740,0,0,0.0476,20260614_1422,validator_metrics,63996164,-817,30512721,0,5EWwdZB7qCCMaAso5Mzcks4UUcPxKYvpAj32t5Mg1v6HSxoF,1.00
2026-06-21 12:34:42.000,miners,1,115,180886,83990,13859,0,0,0.400,79,0,5EWwdZB7qCCMaAso5Mzcks4UUcPxKYvpAj32t5Mg1v6HSxoF,0,84.32.70.8:9001,301230,83.5,bittensor,0.0341,0,0.507,96355,45957,miners,79,18,301230,83.5,1,7.54e-11,2262276,0,0,1.96,20260614_1422,validator_metrics,23153356,20429,10750709,0,5EWwdZB7qCCMaAso5Mzcks4UUcPxKYvpAj32t5Mg1v6HSxoF,1.00
2026-06-21 12:34:42.000,miners,1,116,174064,76094,17363,0,0,0.392,79,0,5EWwdZB7qCCMaAso5Mzcks4UUcPxKYvpAj32t5Mg1v6HSxoF,0,84.32.70.8:9001,286595,93.7,bittensor,-0.0209,0,0.496,57808,13295,miners,79,189,286595,93.7,1,-1.32e-10,1206198,0,0,0.103,20260614_1422,validator_metrics,22280131,12066,9740022,0,5EWwdZB7qCCMaAso5Mzcks4UUcPxKYvpAj32t5Mg1v6HSxoF,1.00
2026-06-21 12:34:42.000,miners,1,117,7262,3572,8348,0,0,0.395,79,0,5EWwdZB7qCCMaAso5Mzcks4UUcPxKYvpAj32t5Mg1v6HSxoF,0,84.32.70.8:9001,185231,62.8,bittensor,-0.000944,0,0.500,1841,905,miners,79,110,185231,62.8,1,-6.89e-13,3895955,0,0,0.333,20260614_1422,validator_metrics,929519,71.9,457244,0,5EWwdZB7qCCMaAso5Mzcks4UUcPxKYvpAj32t5Mg1v6HSxoF,1.00
2026-06-21 12:34:42.000,miners,1,118,328377,162807,8366,14.4,20.5,0.395,79,0,5EWwdZB7qCCMaAso5Mzcks4UUcPxKYvpAj32t5Mg1v6HSxoF,0,84.32.70.8:9001,-219333,35.2,bittensor,0.00245,0,0.500,258250,128557,miners,79,93,-219333,35.2,1,6.07e-12,3851704,16322,22847,0.421,20260614_1422,validator_metrics,42032238,-387,20839304,0,5EWwdZB7qCCMaAso5Mzcks4UUcPxKYvpAj32t5Mg1v6HSxoF,1.00
2026-06-21 12:34:42.000,miners,1,119,163984,81854,8391,0,0,0.397,79,0,5EWwdZB7qCCMaAso5Mzcks4UUcPxKYvpAj32t5Mg1v6HSxoF,0,84.32.70.8:9001,-201656,24.7,bittensor,0.0110,0,0.502,112351,55989,miners,79,43,-201656,24.7,1,1.04e-11,3887171,0,0,0.954,20260614_1422,validator_metrics,20989958,641,10477266,0,5EWwdZB7qCCMaAso5Mzcks4UUcPxKYvpAj32t5Mg1v6HSxoF,1.00
2026-06-21 12:34:42.000,miners,1,120,208213,104102,8386,0,0,0.471,79,0,5EWwdZB7qCCMaAso5Mzcks4UUcPxKYvpAj32t5Mg1v6HSxoF,0,84.32.70.8:9001,90766,44.8,bittensor,0.481,0,0.596,91217,45609,miners,79,0,90766,44.8,1,1.3e-10,3892848,0,0,19.6,20260614_1422,validator_metrics,26651315,9585,13325003,0,5EWwdZB7qCCMaAso5Mzcks4UUcPxKYvpAj32t5Mg1v6HSxoF,1.00
2026-06-21 12:34:42.000,miners,1,121,273158,130465,13890,0,0,0.400,79,0,5EWwdZB7qCCMaAso5Mzcks4UUcPxKYvpAj32t5Mg1v6HSxoF,0,84.32.70.8:9001,329141,82.3,bittensor,0.0309,0,0.506,105905,38482,miners,79,19,329141,82.3,1,7.55e-11,2278644,0,0,1.90,20260614_1422,validator_metrics,34964192,17681,16699554,0,5EWwdZB7qCCMaAso5Mzcks4UUcPxKYvpAj32t5Mg1v6HSxoF,1.00
2026-06-21 12:34:42.000,miners,1,122,168390,81276,10469,0,0,0.397,79,0,5EWwdZB7qCCMaAso5Mzcks4UUcPxKYvpAj32t5Mg1v6HSxoF,0,84.32.70.8:9001,105419,53.2,bittensor,0.0104,0,0.502,132223,62415,miners,79,62,105419,53.2,1,6.35e-11,3236279,0,0,0.727,20260614_1422,validator_metrics,21553872,11512,10403330,0,5EWwdZB7qCCMaAso5Mzcks4UUcPxKYvpAj32t5Mg1v6HSxoF,1.00
2026-06-21 12:34:42.000,miners,1,123,237551,114515,5944,0,0,0.395,79,0,5EWwdZB7qCCMaAso5Mzcks4UUcPxKYvpAj32t5Mg1v6HSxoF,0,84.32.70.8:9001,162478,21.1,bittensor,-0.00310,0,0.499,27826,1193,miners,79,60,162478,21.1,1,-5.89e-12,4647386,0,0,0.760,20260614_1422,validator_metrics,30406466,-15963,14657876,0,5EWwdZB7qCCMaAso5Mzcks4UUcPxKYvpAj32t5Mg1v6HSxoF,1.00
2026-06-21 12:34:42.000,miners,1,124,246566,117792,4936,0,0,0.395,79,0,5EWwdZB7qCCMaAso5Mzcks4UUcPxKYvpAj32t5Mg1v6HSxoF,0,84.32.70.8:9001,200790,19.1,bittensor,0.00145,0,0.500,37990,4486,miners,79,95,200790,19.1,1,-5.09e-12,5030054,0,0,0.410,20260614_1422,validator_metrics,31560460,-25843,15077328,0,5EWwdZB7qCCMaAso5Mzcks4UUcPxKYvpAj32t5Mg1v6HSxoF,1.00
2026-06-21 12:34:42.000,miners,1,125,139703,66937,9623,0,0,0.394,79,0,5EWwdZB7qCCMaAso5Mzcks4UUcPxKYvpAj32t5Mg1v6HSxoF,0,84.32.70.8:9001,195480,43.6,bittensor,-0.00377,0,0.499,4139,1993,miners,79,134,195480,43.6,1,-1.83e-11,3530181,0,0,0.255,20260614_1422,validator_metrics,17882045,-6901,8567905,0,5EWwdZB7qCCMaAso5Mzcks4UUcPxKYvpAj32t5Mg1v6HSxoF,1.00
2026-06-21 12:34:42.000,miners,1,126,455221,225220,8226,0,0,0.383,79,0,5EWwdZB7qCCMaAso5Mzcks4UUcPxKYvpAj32t5Mg1v6HSxoF,0,84.32.70.8:9001,221188,35.6,bittensor,0.00683,0.0157,0.485,335796,166296,miners,79,153,221188,35.6,1,6.29e-12,3932524,0,0,0.174,20260614_1422,validator_metrics,58268334,1730,28828182,0,5EWwdZB7qCCMaAso5Mzcks4UUcPxKYvpAj32t5Mg1v6HSxoF,1.00
2026-06-21 12:34:42.000,miners,1,127,121927,57666,10653,0,0,0.397,79,0,5EWwdZB7qCCMaAso5Mzcks4UUcPxKYvpAj32t5Mg1v6HSxoF,0,84.32.70.8:9001,135032,58.2,bittensor,0.0102,0,0.502,50467,19148,miners,79,53,135032,58.2,1,9.26e-11,3234899,0,0,0.813,20260614_1422,validator_metrics,15606617,14673,7381224,0,5EWwdZB7qCCMaAso5Mzcks4UUcPxKYvpAj32t5Mg1v6HSxoF,1.00
2026-06-21 12:34:42.000,miners,1,128,271549,127743,10092,0,0,0.393,79,0,5EWwdZB7qCCMaAso5Mzcks4UUcPxKYvpAj32t5Mg1v6HSxoF,0,84.32.70.8:9001,80465,71.1,bittensor,-0.0108,0,0.498,159366,69398,miners,79,162,80465,71.1,1,-1.08e-10,3284141,0,0,0.153,20260614_1422,validator_metrics,34758283,12426,16351058,0,5EWwdZB7qCCMaAso5Mzcks4UUcPxKYvpAj32t5Mg1v6HSxoF,1.00
2026-06-21 12:34:42.000,miners,1,129,275264,124569,19247,0,0,0.403,79,0,5EWwdZB7qCCMaAso5Mzcks4UUcPxKYvpAj32t5Mg1v6HSxoF,0,84.32.70.8:9001,312442,98.4,bittensor,0.0530,0,0.511,61081,19721,miners,79,6,312442,98.4,1,2.96e-10,606445,0,0,5.29,20260614_1422,validator_metrics,35233855,82220,15944833,0,5EWwdZB7qCCMaAso5Mzcks4UUcPxKYvpAj32t5Mg1v6HSxoF,1.00
2026-06-21 12:34:42.000,miners,1,13,359027,167672,17375,0,0,0.393,79,0,5EWwdZB7qCCMaAso5Mzcks4UUcPxKYvpAj32t5Mg1v6HSxoF,0,84.32.70.8:9001,-370183,92.7,bittensor,-0.0111,0,0.498,235407,101320,miners,79,176,-370183,92.7,1,-6.33e-11,872320,0,0,0.128,20260614_1422,validator_metrics,45955408,10876,21462011,0,5EWwdZB7qCCMaAso5Mzcks4UUcPxKYvpAj32t5Mg1v6HSxoF,1.00
2026-06-21 12:34:42.000,miners,1,132,176814,77635,17384,0,0,0.391,79,0,5EWwdZB7qCCMaAso5Mzcks4UUcPxKYvpAj32t5Mg1v6HSxoF,0,84.32.70.8:9001,290145,93.5,bittensor,-0.0239,0,0.495,154724,62773,miners,79,190,290145,93.5,1,-1.64e-10,1210317,0,0,0.101,20260614_1422,validator_metrics,22632245,10257,9937226,0,5EWwdZB7qCCMaAso5Mzcks4UUcPxKYvpAj32t5Mg1v6HSxoF,1.00
2026-06-21 12:34:42.000,miners,1,133,239896,115436,8191,21.2,32.5,0.394,79,0,5EWwdZB7qCCMaAso5Mzcks4UUcPxKYvpAj32t5Mg1v6HSxoF,0,84.32.70.8:9001,153036,15.2,bittensor,-0.00422,0,0.499,151094,75058,miners,79,142,153036,15.2,1,-2.08e-11,3987009,4399,6630,0.225,20260614_1422,validator_metrics,30706672,-11747,14775750,0,5EWwdZB7qCCMaAso5Mzcks4UUcPxKYvpAj32t5Mg1v6HSxoF,1.00
2026-06-21 12:34:42.000,miners,1,134,38304,19113,8387,0,0,0.395,79,0,5EWwdZB7qCCMaAso5Mzcks4UUcPxKYvpAj32t5Mg1v6HSxoF,0,84.32.70.8:9001,195221,52.5,bittensor,0.000177,0,0.500,9254,4624,miners,79,117,195221,52.5,1,2.46e-13,3884834,0,0,0.310,20260614_1422,validator_metrics,4902946,31.2,2446433,0,5EWwdZB7qCCMaAso5Mzcks4UUcPxKYvpAj32t5Mg1v6HSxoF,1.00
2026-06-21 12:34:42.000,miners,1,135,43682,21799,8194,0,0,0.395,79,0,5EWwdZB7qCCMaAso5Mzcks4UUcPxKYvpAj32t5Mg1v6HSxoF,0,84.32.70.8:9001,174685,32.9,bittensor,-0.00185,0,0.500,12246,6074,miners,79,133,174685,32.9,1,-8.87e-13,3942050,0,0,0.262,20260614_1422,validator_metrics,5591358,84.8,2790262,0,5EWwdZB7qCCMaAso5Mzcks4UUcPxKYvpAj32t5Mg1v6HSxoF,1.00
2026-06-21 12:34:42.000,miners,1,136,139107,66237,9436,0,0,0.394,79,0,5EWwdZB7qCCMaAso5Mzcks4UUcPxKYvpAj32t5Mg1v6HSxoF,0,84.32.70.8:9001,192589,33.2,bittensor,-0.00370,0,0.499,9231,2856,miners,79,141,192589,33.2,1,-2.16e-11,3581313,0,0,0.233,20260614_1422,validator_metrics,17805705,-6576,8478282,0,5EWwdZB7qCCMaAso5Mzcks4UUcPxKYvpAj32t5Mg1v6HSxoF,1.00
2026-06-21 12:34:42.000,miners,1,137,284495,139346,5814,0,0,0.392,79,0,5EWwdZB7qCCMaAso5Mzcks4UUcPxKYvpAj32t5Mg1v6HSxoF,0,84.32.70.8:9001,67031,-6.70,bittensor,-0.0164,0,0.497,205631,100059,miners,79,171,67031,-6.70,1,-9.16e-11,4660310,0,0,0.134,20260614_1422,validator_metrics,36415423,-15093,17836281,0,5EWwdZB7qCCMaAso5Mzcks4UUcPxKYvpAj32t5Mg1v6HSxoF,1.00
2026-06-21 12:34:42.000,miners,1,138,215238,104939,6240,0,0,0.393,79,0,5EWwdZB7qCCMaAso5Mzcks4UUcPxKYvpAj32t5Mg1v6HSxoF,0,84.32.70.8:9001,82974,20.2,bittensor,-0.0153,0,0.497,169117,82495,miners,79,169,82974,20.2,1,-6.29e-11,4532269,0,0,0.138,20260614_1422,validator_metrics,27550427,-9495,13432201,0,5EWwdZB7qCCMaAso5Mzcks4UUcPxKYvpAj32t5Mg1v6HSxoF,1.00
2026-06-21 12:34:42.000,miners,1,139,165151,79513,10489,0,0,0.397,79,0,5EWwdZB7qCCMaAso5Mzcks4UUcPxKYvpAj32t5Mg1v6HSxoF,0,84.32.70.8:9001,98741,42.3,bittensor,0.0113,0,0.502,138937,66389,miners,79,40,98741,42.3,1,6.95e-11,3236074,0,0,0.980,20260614_1422,validator_metrics,21139389,11688,10177636,0,5EWwdZB7qCCMaAso5Mzcks4UUcPxKYvpAj32t5Mg1v6HSxoF,1.00
2026-06-21 12:34:42.000,miners,1,140,168655,73923,17322,0,0,0.391,79,0,5EWwdZB7qCCMaAso5Mzcks4UUcPxKYvpAj32t5Mg1v6HSxoF,0,84.32.70.8:9001,288385,92.5,bittensor,-0.0249,0,0.495,52358,15252,miners,79,193,288385,92.5,1,-1.57e-10,1229271,0,0,0.0954,20260614_1422,validator_metrics,21587811,11999,9462160,0,5EWwdZB7qCCMaAso5Mzcks4UUcPxKYvpAj32t5Mg1v6HSxoF,1.00
2026-06-21 12:34:42.000,miners,1,141,242750,120161,7231,0,0,0.393,79,0,5EWwdZB7qCCMaAso5Mzcks4UUcPxKYvpAj32t5Mg1v6HSxoF,0,84.32.70.8:9001,106464,52.8,bittensor,-0.0120,0,0.498,190213,94200,miners,79,149,106464,52.8,1,-4.78e-11,4244080,0,0,0.193,20260614_1422,validator_metrics,31071959,-5948,15380659,0,5EWwdZB7qCCMaAso5Mzcks4UUcPxKYvpAj32t5Mg1v6HSxoF,1.00
2026-06-21 12:34:42.000,miners,1,142,65446,28020,7347,0,0,0.394,79,0,5EWwdZB7qCCMaAso5Mzcks4UUcPxKYvpAj32t5Mg1v6HSxoF,0,84.32.70.8:9001,127480,24.4,bittensor,-0.00834,0,0.498,50672,20036,miners,79,152,127480,24.4,1,-5.85e-11,4257634,0,0,0.180,20260614_1422,validator_metrics,8377072,-13690,3586604,0,5EWwdZB7qCCMaAso5Mzcks4UUcPxKYvpAj32t5Mg1v6HSxoF,1.00
2026-06-21 12:34:42.000,miners,1,143,168823,73329,17479,0,0,0.390,79,0,5EWwdZB7qCCMaAso5Mzcks4UUcPxKYvpAj32t5Mg1v6HSxoF,0,84.32.70.8:9001,276986,95.5,bittensor,-0.0313,0,0.494,70219,20433,miners,79,197,276986,95.5,1,-1.86e-10,1166610,0,0,0.0856,20260614_1422,validator_metrics,21609370,6630,9386165,0,5EWwdZB7qCCMaAso5Mzcks4UUcPxKYvpAj32t5Mg1v6HSxoF,1.00
2026-06-21 12:34:42.000,miners,1,144,224720,106516,9483,0,0,0.393,79,0,5EWwdZB7qCCMaAso5Mzcks4UUcPxKYvpAj32t5Mg1v6HSxoF,0,84.32.70.8:9001,134319,71.3,bittensor,-0.0144,0,0.497,37516,5636,miners,79,143,134319,71.3,1,-1.45e-11,3664765,0,0,0.223,20260614_1422,validator_metrics,28764177,-11154,13634001,0,5EWwdZB7qCCMaAso5Mzcks4UUcPxKYvpAj32t5Mg1v6HSxoF,1.00
2026-06-21 12:34:42.000,miners,1,147,43307,16397,9530,47.9,72.0,0.399,79,0,5EWwdZB7qCCMaAso5Mzcks4UUcPxKYvpAj32t5Mg1v6HSxoF,0,84.32.70.8:9001,114213,43.6,bittensor,0.0258,0,0.505,19134,2583,miners,79,16,114213,43.6,1,2.13e-10,3676740,1339,2109,1.98,20260614_1422,validator_metrics,5543240,27678,2098819,0,5EWwdZB7qCCMaAso5Mzcks4UUcPxKYvpAj32t5Mg1v6HSxoF,1.00
2026-06-21 12:34:42.000,miners,1,148,31258,14307,6987,0,0,0.394,79,0,5EWwdZB7qCCMaAso5Mzcks4UUcPxKYvpAj32t5Mg1v6HSxoF,0,84.32.70.8:9001,-57241,33.3,bittensor,-0.00613,0,0.499,18098,8053,miners,79,145,-57241,33.3,1,-2.07e-11,4283202,0,0,0.213,20260614_1422,validator_metrics,4001048,-4819,1831319,0,5EWwdZB7qCCMaAso5Mzcks4UUcPxKYvpAj32t5Mg1v6HSxoF,1.00
2026-06-21 12:34:42.000,miners,1,149,116277,53866,6864,22.4,34.7,0.393,79,0,5EWwdZB7qCCMaAso5Mzcks4UUcPxKYvpAj32t5Mg1v6HSxoF,0,84.32.70.8:9001,176809,16.0,bittensor,-0.0134,0,0.497,89216,40231,miners,79,175,176809,16.0,1,-1.05e-10,4411765,5768,8836,0.131,20260614_1422,validator_metrics,14883472,-12587,6894808,0,5EWwdZB7qCCMaAso5Mzcks4UUcPxKYvpAj32t5Mg1v6HSxoF,1.00
2026-06-21 12:34:42.000,miners,1,150,204360,101280,7648,0,0,0.395,79,0,5EWwdZB7qCCMaAso5Mzcks4UUcPxKYvpAj32t5Mg1v6HSxoF,0,84.32.70.8:9001,173640,38.9,bittensor,-0.00109,0,0.500,39954,18191,miners,79,104,173640,38.9,1,-5.07e-12,4111166,0,0,0.357,20260614_1422,validator_metrics,26158031,-1634,12963777,0,5EWwdZB7qCCMaAso5Mzcks4UUcPxKYvpAj32t5Mg1v6HSxoF,1.00
2026-06-21 12:34:42.000,miners,1,151,185548,88227,6744,24.4,37.8,0.392,79,0,5EWwdZB7qCCMaAso5Mzcks4UUcPxKYvpAj32t5Mg1v6HSxoF,0,84.32.70.8:9001,175004,28.0,bittensor,-0.0162,0,0.497,142263,66156,miners,79,173,175004,28.0,1,-1.15e-10,4442611,5845,8447,0.134,20260614_1422,validator_metrics,23750180,-19012,11293034,0,5EWwdZB7qCCMaAso5Mzcks4UUcPxKYvpAj32t5Mg1v6HSxoF,1.00
2026-06-21 12:34:42.000,miners,1,152,234264,117003,8080,0,0,0.390,79,0,5EWwdZB7qCCMaAso5Mzcks4UUcPxKYvpAj32t5Mg1v6HSxoF,0,84.32.70.8:9001,70418,31.9,bittensor,-0.0328,0,0.493,138957,69249,miners,79,196,70418,31.9,1,-8.57e-11,3973625,0,0,0.0934,20260614_1422,validator_metrics,29985841,-5130,14976342,0,5EWwdZB7qCCMaAso5Mzcks4UUcPxKYvpAj32t5Mg1v6HSxoF,1.00
2026-06-21 12:34:42.000,miners,1,153,168878,82613,6931,57.2,87.3,0.395,79,0,5EWwdZB7qCCMaAso5Mzcks4UUcPxKYvpAj32t5Mg1v6HSxoF,0,84.32.70.8:9001,211345,43.7,bittensor,-0.000713,0,0.500,109577,54626,miners,79,111,211345,43.7,1,-5.53e-12,4366845,7543,10784,0.328,20260614_1422,validator_metrics,21616431,-5208,10574522,0,5EWwdZB7qCCMaAso5Mzcks4UUcPxKYvpAj32t5Mg1v6HSxoF,1.00
2026-06-21 12:34:42.000,miners,1,154,39378,16977,10527,0,0,0.396,79,0,5EWwdZB7qCCMaAso5Mzcks4UUcPxKYvpAj32t5Mg1v6HSxoF,0,84.32.70.8:9001,-130053,51.7,bittensor,0.00908,0,0.502,14996,5003,miners,79,65,-130053,51.7,1,6.15e-11,3244893,0,0,0.690,20260614_1422,validator_metrics,5040420,7923,2173057,0,5EWwdZB7qCCMaAso5Mzcks4UUcPxKYvpAj32t5Mg1v6HSxoF,1.00
2026-06-21 12:34:42.000,miners,1,155,249714,119783,9705,19.5,30.9,0.394,79,0,5EWwdZB7qCCMaAso5Mzcks4UUcPxKYvpAj32t5Mg1v6HSxoF,0,84.32.70.8:9001,-164562,33.2,bittensor,-0.00518,0,0.499,209801,101721,miners,79,126,-164562,33.2,1,-2.27e-11,3540355,4648,7300,0.284,20260614_1422,validator_metrics,31963407,-699,15332169,0,5EWwdZB7qCCMaAso5Mzcks4UUcPxKYvpAj32t5Mg1v6HSxoF,1.00
2026-06-21 12:34:42.000,miners,1,156,96448,41496,13955,0,0,0.399,79,0,5EWwdZB7qCCMaAso5Mzcks4UUcPxKYvpAj32t5Mg1v6HSxoF,0,84.32.70.8:9001,257897,84.9,bittensor,0.0248,0,0.505,21910,7923,miners,79,21,257897,84.9,1,1.08e-10,2217353,0,0,1.73,20260614_1422,validator_metrics,12345403,23005,5311531,0,5EWwdZB7qCCMaAso5Mzcks4UUcPxKYvpAj32t5Mg1v6HSxoF,1.00
2026-06-21 12:34:42.000,miners,1,157,486777,243375,7875,0,0,0.434,79,0,5EWwdZB7qCCMaAso5Mzcks4UUcPxKYvpAj32t5Mg1v6HSxoF,0,84.32.70.8:9001,49236,52.4,bittensor,0.247,0,0.549,353063,176533,miners,79,3,49236,52.4,1,6.31e-11,4046285,0,0,10.9,20260614_1422,validator_metrics,62307393,4241,31151961,0,5EWwdZB7qCCMaAso5Mzcks4UUcPxKYvpAj32t5Mg1v6HSxoF,1.00
2026-06-21 12:34:42.000,miners,1,158,104429,48785,10499,0,0,0.397,79,0,5EWwdZB7qCCMaAso5Mzcks4UUcPxKYvpAj32t5Mg1v6HSxoF,0,84.32.70.8:9001,125052,54.9,bittensor,0.0134,0,0.503,48757,20348,miners,79,39,125052,54.9,1,9.29e-11,3274290,0,0,0.993,20260614_1422,validator_metrics,13366951,21628,6244526,0,5EWwdZB7qCCMaAso5Mzcks4UUcPxKYvpAj32t5Mg1v6HSxoF,1.00
2026-06-21 12:34:42.000,miners,1,159,165218,79970,10741,11.2,15.2,0.398,79,0,5EWwdZB7qCCMaAso5Mzcks4UUcPxKYvpAj32t5Mg1v6HSxoF,0,84.32.70.8:9001,257925,30.5,bittensor,0.0189,0,0.504,110404,53221,miners,79,26,257925,30.5,1,2.62e-10,3208707,13418,21008,1.49,20260614_1422,validator_metrics,21147902,30576,10236101,0,5EWwdZB7qCCMaAso5Mzcks4UUcPxKYvpAj32t5Mg1v6HSxoF,1.00
2026-06-21 12:34:42.000,miners,1,16,176046,77766,17402,0,0,0.393,79,0,5EWwdZB7qCCMaAso5Mzcks4UUcPxKYvpAj32t5Mg1v6HSxoF,0,84.32.70.8:9001,292769,93.1,bittensor,-0.0155,0,0.497,153856,63433,miners,79,188,292769,93.1,1,-1.19e-10,1198674,0,0,0.104,20260614_1422,validator_metrics,22533848,6344,9954093,0,5EWwdZB7qCCMaAso5Mzcks4UUcPxKYvpAj32t5Mg1v6HSxoF,1.00
2026-06-21 12:34:42.000,miners,1,160,156738,77717,8596,0,0,0.398,79,0,5EWwdZB7qCCMaAso5Mzcks4UUcPxKYvpAj32t5Mg1v6HSxoF,0,84.32.70.8:9001,-205133,30.1,bittensor,0.0204,0,0.504,119051,59024,miners,79,36,-205133,30.1,1,3.8e-11,3806970,0,0,1.10,20260614_1422,validator_metrics,20062452,4365,9947735,0,5EWwdZB7qCCMaAso5Mzcks4UUcPxKYvpAj32t5Mg1v6HSxoF,1.00
2026-06-21 12:34:42.000,miners,1,161,291226,144282,7937,29.1,39.4,0.396,79,0,5EWwdZB7qCCMaAso5Mzcks4UUcPxKYvpAj32t5Mg1v6HSxoF,0,84.32.70.8:9001,-241082,30.7,bittensor,0.00346,0,0.501,210389,104476,miners,79,92,-241082,30.7,1,1.26e-11,4012130,11122,16112,0.432,20260614_1422,validator_metrics,37276935,1109,18468109,0,5EWwdZB7qCCMaAso5Mzcks4UUcPxKYvpAj32t5Mg1v6HSxoF,1.00
2026-06-21 12:34:42.000,miners,1,162,452727,219335,7743,0,0,0.391,79,0,5EWwdZB7qCCMaAso5Mzcks4UUcPxKYvpAj32t5Mg1v6HSxoF,0,84.32.70.8:9001,215014,58.8,bittensor,0.00301,0,0.495,109343,51392,miners,79,97,215014,58.8,1,0,4072711,0,0,0.406,20260614_1422,validator_metrics,57949013,-16944,28074819,0,5EWwdZB7qCCMaAso5Mzcks4UUcPxKYvpAj32t5Mg1v6HSxoF,1.00
2026-06-21 12:34:42.000,miners,1,163,151651,73566,9879,0,0,0.397,79,0,5EWwdZB7qCCMaAso5Mzcks4UUcPxKYvpAj32t5Mg1v6HSxoF,0,84.32.70.8:9001,100357,52.7,bittensor,0.0124,0,0.502,116711,54404,miners,79,57,100357,52.7,1,5.42e-11,3427670,0,0,0.780,20260614_1422,validator_metrics,19411354,8327,9416490,0,5EWwdZB7qCCMaAso5Mzcks4UUcPxKYvpAj32t5Mg1v6HSxoF,1.00
2026-06-21 12:34:42.000,miners,1,164,209169,100330,6788,16.6,25.1,0.393,79,0,5EWwdZB7qCCMaAso5Mzcks4UUcPxKYvpAj32t5Mg1v6HSxoF,0,84.32.70.8:9001,212030,10.8,bittensor,-0.0126,0,0.497,161933,77903,miners,79,174,212030,10.8,1,-8.97e-11,4441345,5719,8431,0.131,20260614_1422,validator_metrics,26773669,-14069,12842244,0,5EWwdZB7qCCMaAso5Mzcks4UUcPxKYvpAj32t5Mg1v6HSxoF,1.00
2026-06-21 12:34:42.000,miners,1,165,76961,38436,8271,0,0,0.399,79,0,5EWwdZB7qCCMaAso5Mzcks4UUcPxKYvpAj32t5Mg1v6HSxoF,0,84.32.70.8:9001,196388,29.7,bittensor,0.0259,0,0.505,20583,10217,miners,79,45,196388,29.7,1,3.33e-11,3919815,0,0,0.932,20260614_1422,validator_metrics,9850947,2497,4919792,0,5EWwdZB7qCCMaAso5Mzcks4UUcPxKYvpAj32t5Mg1v6HSxoF,1.00
2026-06-21 12:34:42.000,miners,1,167,155163,74662,10253,0,0,0.397,79,0,5EWwdZB7qCCMaAso5Mzcks4UUcPxKYvpAj32t5Mg1v6HSxoF,0,84.32.70.8:9001,107531,66.6,bittensor,0.0155,0,0.503,123917,58240,miners,79,35,107531,66.6,1,9.01e-11,3305428,0,0,1.11,20260614_1422,validator_metrics,19860827,12992,9556700,0,5EWwdZB7qCCMaAso5Mzcks4UUcPxKYvpAj32t5Mg1v6HSxoF,1.00
2026-06-21 12:34:42.000,miners,1,168,104489,52193,8098,0,0,0.395,79,0,5EWwdZB7qCCMaAso5Mzcks4UUcPxKYvpAj32t5Mg1v6HSxoF,0,84.32.70.8:9001,-105429,21.3,bittensor,0.00290,0,0.501,90081,45035,miners,79,74,-105429,21.3,1,2.49e-12,3974003,0,0,0.554,20260614_1422,validator_metrics,13374605,311,6680697,0,5EWwdZB7qCCMaAso5Mzcks4UUcPxKYvpAj32t5Mg1v6HSxoF,1.00
2026-06-21 12:34:42.000,miners,1,169,40483,20191,8006,0,0,0.395,79,0,5EWwdZB7qCCMaAso5Mzcks4UUcPxKYvpAj32t5Mg1v6HSxoF,0,84.32.70.8:9001,192686,20.7,bittensor,-0.000529,0,0.500,8978,4443,miners,79,124,192686,20.7,1,-5.43e-13,3999343,0,0,0.293,20260614_1422,validator_metrics,5181768,62.4,2584434,0,5EWwdZB7qCCMaAso5Mzcks4UUcPxKYvpAj32t5Mg1v6HSxoF,1.00
2026-06-21 12:34:42.000,miners,1,17,32112,16026,8405,0,0,0.395,79,0,5EWwdZB7qCCMaAso5Mzcks4UUcPxKYvpAj32t5Mg1v6HSxoF,0,84.32.70.8:9001,218952,40.9,bittensor,-0.00175,0,0.500,17065,8500,miners,79,131,218952,40.9,1,-5.77e-13,3879098,0,0,0.267,20260614_1422,validator_metrics,4110347,70.8,2051324,0,5EWwdZB7qCCMaAso5Mzcks4UUcPxKYvpAj32t5Mg1v6HSxoF,1.00
2026-06-21 12:34:42.000,miners,1,170,168996,82221,6701,25.3,40.8,0.394,79,0,5EWwdZB7qCCMaAso5Mzcks4UUcPxKYvpAj32t5Mg1v6HSxoF,0,84.32.70.8:9001,201597,23.8,bittensor,-0.00652,0,0.499,138405,68649,miners,79,151,201597,23.8,1,-1.12e-10,4433347,11598,17590,0.185,20260614_1422,validator_metrics,21631545,-15208,10524335,0,5EWwdZB7qCCMaAso5Mzcks4UUcPxKYvpAj32t5Mg1v6HSxoF,1.00
2026-06-21 12:34:42.000,miners,1,171,304754,151536,8007,0,0,0.401,79,0,5EWwdZB7qCCMaAso5Mzcks4UUcPxKYvpAj32t5Mg1v6HSxoF,0,84.32.70.8:9001,81561,37.2,bittensor,0.0382,0,0.508,191558,93479,miners,79,14,81561,37.2,1,3.48e-11,3984866,0,0,2.49,20260614_1422,validator_metrics,39008452,2579,19396594,0,5EWwdZB7qCCMaAso5Mzcks4UUcPxKYvpAj32t5Mg1v6HSxoF,1.00
2026-06-21 12:34:42.000,miners,1,172,273215,135207,7700,27.6,39.0,0.396,79,0,5EWwdZB7qCCMaAso5Mzcks4UUcPxKYvpAj32t5Mg1v6HSxoF,0,84.32.70.8:9001,-233625,33.2,bittensor,0.00671,0,0.501,214272,106495,miners,79,77,-233625,33.2,1,1.73e-11,4070171,10662,16050,0.524,20260614_1422,validator_metrics,34971476,4569,17306483,0,5EWwdZB7qCCMaAso5Mzcks4UUcPxKYvpAj32t5Mg1v6HSxoF,1.00
2026-06-21 12:34:42.000,miners,1,173,84047,36173,13551,0,0,0.400,79,0,5EWwdZB7qCCMaAso5Mzcks4UUcPxKYvpAj32t5Mg1v6HSxoF,0,84.32.70.8:9001,257710,79.3,bittensor,0.0313,0,0.506,20647,6443,miners,79,24,257710,79.3,1,8.92e-11,2332872,0,0,1.55,20260614_1422,validator_metrics,10758078,15019,4630150,0,5EWwdZB7qCCMaAso5Mzcks4UUcPxKYvpAj32t5Mg1v6HSxoF,1.00
2026-06-21 12:34:42.000,miners,1,174,152650,76141,8368,0,0,0.398,79,0,5EWwdZB7qCCMaAso5Mzcks4UUcPxKYvpAj32t5Mg1v6HSxoF,0,84.32.70.8:9001,-199905,38.1,bittensor,0.0170,0,0.503,122233,60865,miners,79,34,-199905,38.1,1,1.85e-11,3889444,0,0,1.11,20260614_1422,validator_metrics,19539177,1743,9745990,0,5EWwdZB7qCCMaAso5Mzcks4UUcPxKYvpAj32t5Mg1v6HSxoF,1.00
2026-06-21 12:34:42.000,miners,1,175,186685,82880,17418,0,0,0.393,79,0,5EWwdZB7qCCMaAso5Mzcks4UUcPxKYvpAj32t5Mg1v6HSxoF,0,84.32.70.8:9001,377133,92.4,bittensor,-0.0131,0,0.497,71955,21215,miners,79,158,377133,92.4,1,-7.34e-11,1250914,0,0,0.164,20260614_1422,validator_metrics,23895685,13556,10608653,0,5EWwdZB7qCCMaAso5Mzcks4UUcPxKYvpAj32t5Mg1v6HSxoF,1.00
2026-06-21 12:34:42.000,miners,1,176,182969,81078,17354,0,0,0.393,79,0,5EWwdZB7qCCMaAso5Mzcks4UUcPxKYvpAj32t5Mg1v6HSxoF,0,84.32.70.8:9001,350353,93.5,bittensor,-0.0155,0,0.497,70442,23377,miners,79,178,350353,93.5,1,-1.14e-10,1246645,0,0,0.125,20260614_1422,validator_metrics,23420033,11662,10377960,0,5EWwdZB7qCCMaAso5Mzcks4UUcPxKYvpAj32t5Mg1v6HSxoF,1.00
2026-06-21 12:34:42.000,miners,1,177,115456,46077,18406,0,0,0.392,79,0,5EWwdZB7qCCMaAso5Mzcks4UUcPxKYvpAj32t5Mg1v6HSxoF,0,84.32.70.8:9001,140173,97.9,bittensor,-0.0178,0,0.496,38245,5124,miners,79,184,140173,97.9,1,-9.88e-11,842840,0,0,0.108,20260614_1422,validator_metrics,14778428,6358,5897886,0,5EWwdZB7qCCMaAso5Mzcks4UUcPxKYvpAj32t5Mg1v6HSxoF,1.00
2026-06-21 12:34:42.000,miners,1,178,112503,52325,11635,9.39,15.1,0.395,79,0,5EWwdZB7qCCMaAso5Mzcks4UUcPxKYvpAj32t5Mg1v6HSxoF,0,84.32.70.8:9001,115438,92.9,bittensor,0.000748,0,0.500,80648,37938,miners,79,112,115438,92.9,1,1.64e-11,2899568,9737,13966,0.324,20260614_1422,validator_metrics,14400409,12476,6697537,0,5EWwdZB7qCCMaAso5Mzcks4UUcPxKYvpAj32t5Mg1v6HSxoF,1.00
2026-06-21 12:34:42.000,miners,1,18,131668,65715,8050,0,0,0.395,79,0,5EWwdZB7qCCMaAso5Mzcks4UUcPxKYvpAj32t5Mg1v6HSxoF,0,84.32.70.8:9001,-132695,67.3,bittensor,0.00204,0,0.500,113977,56799,miners,79,84,-132695,67.3,1,2.1e-12,3988623,0,0,0.482,20260614_1422,validator_metrics,16853533,175,8411556,0,5EWwdZB7qCCMaAso5Mzcks4UUcPxKYvpAj32t5Mg1v6HSxoF,1.00
2026-06-21 12:34:42.000,miners,1,180,175062,76274,17372,0,0,0.392,79,0,5EWwdZB7qCCMaAso5Mzcks4UUcPxKYvpAj32t5Mg1v6HSxoF,0,84.32.70.8:9001,320025,92.1,bittensor,-0.0195,0,0.496,51103,6844,miners,79,180,320025,92.1,1,-1.56e-10,1219378,0,0,0.123,20260614_1422,validator_metrics,22407873,13244,9763039,0,5EWwdZB7qCCMaAso5Mzcks4UUcPxKYvpAj32t5Mg1v6HSxoF,1.00
2026-06-21 12:34:42.000,miners,1,182,109088,54488,8499,0,0,0.395,79,0,5EWwdZB7qCCMaAso5Mzcks4UUcPxKYvpAj32t5Mg1v6HSxoF,0,84.32.70.8:9001,-130337,52.6,bittensor,0.00286,0,0.501,86683,43341,miners,79,75,-130337,52.6,1,1.92e-12,3854050,0,0,0.527,20260614_1422,validator_metrics,13963277,183,6974522,0,5EWwdZB7qCCMaAso5Mzcks4UUcPxKYvpAj32t5Mg1v6HSxoF,1.00
2026-06-21 12:34:42.000,miners,1,183,460437,221237,12246,0,0,0.376,79,0,5EWwdZB7qCCMaAso5Mzcks4UUcPxKYvpAj32t5Mg1v6HSxoF,0,84.32.70.8:9001,288779,10.6,bittensor,0.0211,0.0279,0.476,166942,75645,miners,79,54,288779,10.6,1,6.11e-11,2815039,0,0,0.800,20260614_1422,validator_metrics,58935948,3620,28318370,0,5EWwdZB7qCCMaAso5Mzcks4UUcPxKYvpAj32t5Mg1v6HSxoF,1.00
2026-06-21 12:34:42.000,miners,1,186,129526,57959,14120,0,0,0.403,79,0,5EWwdZB7qCCMaAso5Mzcks4UUcPxKYvpAj32t5Mg1v6HSxoF,0,84.32.70.8:9001,274932,85.6,bittensor,0.0532,0,0.511,44633,15528,miners,79,8,274932,85.6,1,1.57e-10,2177823,0,0,4.07,20260614_1422,validator_metrics,16579301,23643,7418700,0,5EWwdZB7qCCMaAso5Mzcks4UUcPxKYvpAj32t5Mg1v6HSxoF,1.00
2026-06-21 12:34:42.000,miners,1,187,158719,79174,8244,0,0,0.397,79,0,5EWwdZB7qCCMaAso5Mzcks4UUcPxKYvpAj32t5Mg1v6HSxoF,0,84.32.70.8:9001,101118,38.1,bittensor,0.0152,0,0.503,104989,52381,miners,79,37,101118,38.1,1,1.87e-11,3926556,0,0,1.10,20260614_1422,validator_metrics,20316040,1823,10134239,0,5EWwdZB7qCCMaAso5Mzcks4UUcPxKYvpAj32t5Mg1v6HSxoF,1.00
2026-06-21 12:34:42.000,miners,1,188,124281,59070,10310,17.4,25.7,0.398,79,0,5EWwdZB7qCCMaAso5Mzcks4UUcPxKYvpAj32t5Mg1v6HSxoF,0,84.32.70.8:9001,94385,28.9,bittensor,0.0164,0,0.503,82360,37294,miners,79,46,94385,28.9,1,1.66e-10,3309727,12974,18734,0.922,20260614_1422,validator_metrics,15907934,24323,7560986,0,5EWwdZB7qCCMaAso5Mzcks4UUcPxKYvpAj32t5Mg1v6HSxoF,1.00
2026-06-21 12:34:42.000,miners,1,190,222545,105490,5821,0,0,0.396,79,0,5EWwdZB7qCCMaAso5Mzcks4UUcPxKYvpAj32t5Mg1v6HSxoF,0,84.32.70.8:9001,154937,38.9,bittensor,0.00409,0,0.501,15064,4611,miners,79,78,154937,38.9,1,5.52e-12,4718203,0,0,0.524,20260614_1422,validator_metrics,28485747,-23488,13502783,0,5EWwdZB7qCCMaAso5Mzcks4UUcPxKYvpAj32t5Mg1v6HSxoF,1.00
2026-06-21 12:34:42.000,miners,1,191,160600,74964,5248,0,0,0.395,79,0,5EWwdZB7qCCMaAso5Mzcks4UUcPxKYvpAj32t5Mg1v6HSxoF,0,84.32.70.8:9001,114956,12.9,bittensor,0.00278,0,0.501,11060,2332,miners,79,83,114956,12.9,1,8.62e-12,4865561,0,0,0.493,20260614_1422,validator_metrics,20556847,-30901,9595422,0,5EWwdZB7qCCMaAso5Mzcks4UUcPxKYvpAj32t5Mg1v6HSxoF,1.00
2026-06-21 12:34:42.000,miners,1,192,225876,109017,11656,38.9,60.8,0.395,79,0,5EWwdZB7qCCMaAso5Mzcks4UUcPxKYvpAj32t5Mg1v6HSxoF,0,84.32.70.8:9001,188296,56.5,bittensor,0.00231,0,0.500,141379,67434,miners,79,101,188296,56.5,1,2.43e-11,2913871,23077,34056,0.386,20260614_1422,validator_metrics,28912078,12636,13954148,0,5EWwdZB7qCCMaAso5Mzcks4UUcPxKYvpAj32t5Mg1v6HSxoF,1.00
2026-06-21 12:34:42.000,miners,1,193,99491,45469,11877,0.707,1.40,0.395,79,0,5EWwdZB7qCCMaAso5Mzcks4UUcPxKYvpAj32t5Mg1v6HSxoF,0,84.32.70.8:9001,186660,57.8,bittensor,0.00239,0,0.500,68095,31350,miners,79,105,186660,57.8,1,2.38e-11,2827795,8719,13858,0.353,20260614_1422,validator_metrics,12734857,13614,5819977,0,5EWwdZB7qCCMaAso5Mzcks4UUcPxKYvpAj32t5Mg1v6HSxoF,1.00
2026-06-21 12:34:42.000,miners,1,194,46515,15838,14933,98.0,143,0.399,79,0,5EWwdZB7qCCMaAso5Mzcks4UUcPxKYvpAj32t5Mg1v6HSxoF,0,84.32.70.8:9001,164000,65.1,bittensor,0.0224,0,0.504,30564,4145,miners,79,27,164000,65.1,1,3.01e-10,2018391,0,0,1.44,20260614_1422,validator_metrics,5953942,51102,2027206,0,5EWwdZB7qCCMaAso5Mzcks4UUcPxKYvpAj32t5Mg1v6HSxoF,1.00
2026-06-21 12:34:42.000,miners,1,195,159973,76249,11304,1.11,2.19,0.396,79,0,5EWwdZB7qCCMaAso5Mzcks4UUcPxKYvpAj32t5Mg1v6HSxoF,0,84.32.70.8:9001,161227,74.9,bittensor,0.00525,0,0.501,119351,55251,miners,79,79,161227,74.9,1,6.88e-11,3002019,7361,11577,0.515,20260614_1422,validator_metrics,20476580,6653,9759896,0,5EWwdZB7qCCMaAso5Mzcks4UUcPxKYvpAj32t5Mg1v6HSxoF,1.00
2026-06-21 12:34:42.000,miners,1,196,77717,31557,9086,0,0,0.397,79,0,5EWwdZB7qCCMaAso5Mzcks4UUcPxKYvpAj32t5Mg1v6HSxoF,0,84.32.70.8:9001,242965,-21.4,bittensor,0.0120,0,0.502,5296,1615,miners,79,51,242965,-21.4,1,1.82e-11,3806185,0,0,0.839,20260614_1422,validator_metrics,9947719,18624,4039295,0,5EWwdZB7qCCMaAso5Mzcks4UUcPxKYvpAj32t5Mg1v6HSxoF,1.00
2026-06-21 12:34:42.000,miners,1,197,139230,69538,8457,0,0,0.395,79,0,5EWwdZB7qCCMaAso5Mzcks4UUcPxKYvpAj32t5Mg1v6HSxoF,0,84.32.70.8:9001,192155,43.5,bittensor,0.00161,0,0.500,31796,15736,miners,79,33,192155,43.5,1,3.03e-12,3869401,0,0,1.16,20260614_1422,validator_metrics,17821486,224,8900877,0,5EWwdZB7qCCMaAso5Mzcks4UUcPxKYvpAj32t5Mg1v6HSxoF,1.00
2026-06-21 12:34:42.000,miners,1,198,190923,94704,7627,0,0,0.393,79,0,5EWwdZB7qCCMaAso5Mzcks4UUcPxKYvpAj32t5Mg1v6HSxoF,0,84.32.70.8:9001,95991,53.3,bittensor,-0.0143,0,0.497,148833,74390,miners,79,154,95991,53.3,1,-3.81e-11,4116234,0,0,0.173,20260614_1422,validator_metrics,24438081,-4501,12122151,0,5EWwdZB7qCCMaAso5Mzcks4UUcPxKYvpAj32t5Mg1v6HSxoF,1.00
2026-06-21 12:34:42.000,miners,1,199,226720,113236,7967,0,0,0.387,79,0,5EWwdZB7qCCMaAso5Mzcks4UUcPxKYvpAj32t5Mg1v6HSxoF,0,84.32.70.8:9001,73408,55.0,bittensor,-0.0514,0,0.490,136746,68247,miners,79,202,73408,55.0,1,-1.12e-10,4005327,0,0,0.0698,20260614_1422,validator_metrics,29020134,-7246,14494200,0,5EWwdZB7qCCMaAso5Mzcks4UUcPxKYvpAj32t5Mg1v6HSxoF,1.00
2026-06-21 12:34:42.000,miners,1,200,289608,139975,7223,22.9,33.1,0.394,79,0,5EWwdZB7qCCMaAso5Mzcks4UUcPxKYvpAj32t5Mg1v6HSxoF,0,84.32.70.8:9001,-264044,11.4,bittensor,-0.00865,0,0.498,211624,102368,miners,79,157,-264044,11.4,1,-7.2e-11,4257186,6281,9278,0.171,20260614_1422,validator_metrics,37069783,-13067,17916828,0,5EWwdZB7qCCMaAso5Mzcks4UUcPxKYvpAj32t5Mg1v6HSxoF,1.00
2026-06-21 12:34:42.000,miners,1,201,199345,96469,10758,0,0,0.397,79,0,5EWwdZB7qCCMaAso5Mzcks4UUcPxKYvpAj32t5Mg1v6HSxoF,0,84.32.70.8:9001,106978,72.2,bittensor,0.0111,0,0.502,152111,73095,miners,79,55,106978,72.2,1,6.51e-11,3150592,0,0,0.796,20260614_1422,validator_metrics,25516170,13134,12347994,0,5EWwdZB7qCCMaAso5Mzcks4UUcPxKYvpAj32t5Mg1v6HSxoF,1.00
2026-06-21 12:34:42.000,miners,1,202,171656,83521,6861,22.2,34.8,0.394,79,0,5EWwdZB7qCCMaAso5Mzcks4UUcPxKYvpAj32t5Mg1v6HSxoF,0,84.32.70.8:9001,188353,26.7,bittensor,-0.00423,0,0.499,142881,69205,miners,79,144,188353,26.7,1,-7.54e-11,4383612,6972,10530,0.220,20260614_1422,validator_metrics,21972009,-13129,10690664,0,5EWwdZB7qCCMaAso5Mzcks4UUcPxKYvpAj32t5Mg1v6HSxoF,1.00
2026-06-21 12:34:42.000,miners,1,203,134580,63010,6773,24.5,34.7,0.393,79,0,5EWwdZB7qCCMaAso5Mzcks4UUcPxKYvpAj32t5Mg1v6HSxoF,0,84.32.70.8:9001,190484,17.9,bittensor,-0.0122,0,0.498,106049,48077,miners,79,163,190484,17.9,1,-1.06e-10,4437795,8068,12092,0.152,20260614_1422,validator_metrics,17226300,-16311,8065307,0,5EWwdZB7qCCMaAso5Mzcks4UUcPxKYvpAj32t5Mg1v6HSxoF,1.00
2026-06-21 12:34:42.000,miners,1,204,500157,249979,8383,0,0,0.395,79,0,5EWwdZB7qCCMaAso5Mzcks4UUcPxKYvpAj32t5Mg1v6HSxoF,0,84.32.70.8:9001,-144493,45.7,bittensor,0.0527,0,0.500,500021,249618,miners,79,123,-144493,45.7,1,0,3890056,0,0,0.295,20260614_1422,validator_metrics,64020080,533,31997281,0,5EWwdZB7qCCMaAso5Mzcks4UUcPxKYvpAj32t5Mg1v6HSxoF,1.00
2026-06-21 12:34:42.000,miners,1,205,478457,228087,17345,0,0,0.395,79,0,5EWwdZB7qCCMaAso5Mzcks4UUcPxKYvpAj32t5Mg1v6HSxoF,0,84.32.70.8:9001,103178,92.9,bittensor,0.00271,0,0.501,405727,181817,miners,79,114,103178,92.9,1,1.27e-11,1097732,0,0,0.316,20260614_1422,validator_metrics,61242498,22954,29195170,0,5EWwdZB7qCCMaAso5Mzcks4UUcPxKYvpAj32t5Mg1v6HSxoF,1.00
2026-06-21 12:34:42.000,miners,1,206,498267,236039,18979,0,0,0.390,79,0,5EWwdZB7qCCMaAso5Mzcks4UUcPxKYvpAj32t5Mg1v6HSxoF,0,84.32.70.8:9001,13608,103,bittensor,-0.0292,0,0.494,451833,213311,miners,79,198,13608,103,1,-1.22e-10,674733,0,0,0.0851,20260614_1422,validator_metrics,63778125,-6302,30212995,0,5EWwdZB7qCCMaAso5Mzcks4UUcPxKYvpAj32t5Mg1v6HSxoF,1.00
2026-06-21 12:34:42.000,miners,1,207,103674,44578,14288,0,0,0.404,79,0,5EWwdZB7qCCMaAso5Mzcks4UUcPxKYvpAj32t5Mg1v6HSxoF,0,84.32.70.8:9001,259915,88.5,bittensor,0.0593,0,0.512,22597,5843,miners,79,7,259915,88.5,1,1.52e-10,2115093,0,0,4.23,20260614_1422,validator_metrics,13270215,27179,5705967,0,5EWwdZB7qCCMaAso5Mzcks4UUcPxKYvpAj32t5Mg1v6HSxoF,1.00
2026-06-21 12:34:42.000,miners,1,208,63987,31946,8412,0,0,0.399,79,0,5EWwdZB7qCCMaAso5Mzcks4UUcPxKYvpAj32t5Mg1v6HSxoF,0,84.32.70.8:9001,215447,47.4,bittensor,0.0280,0,0.506,10916,5417,miners,79,29,215447,47.4,1,3.41e-11,3877881,0,0,1.31,20260614_1422,validator_metrics,8190299,2422,4089069,0,5EWwdZB7qCCMaAso5Mzcks4UUcPxKYvpAj32t5Mg1v6HSxoF,1.00
2026-06-21 12:34:42.000,miners,1,21,209582,104786,8167,0,0,0.461,79,0,5EWwdZB7qCCMaAso5Mzcks4UUcPxKYvpAj32t5Mg1v6HSxoF,0,84.32.70.8:9001,93614,49.3,bittensor,0.420,0,0.584,91217,45608,miners,79,1,93614,49.3,1,1.26e-10,3958229,0,0,16.9,20260614_1422,validator_metrics,26826467,9370,13412545,0,5EWwdZB7qCCMaAso5Mzcks4UUcPxKYvpAj32t5Mg1v6HSxoF,1.00
2026-06-21 12:34:42.000,miners,1,212,177087,88363,8103,0,0,0.397,79,0,5EWwdZB7qCCMaAso5Mzcks4UUcPxKYvpAj32t5Mg1v6HSxoF,0,84.32.70.8:9001,-149219,61.1,bittensor,0.0150,0,0.503,147450,73539,miners,79,38,-149219,61.1,1,1.96e-11,3969626,0,0,1.08,20260614_1422,validator_metrics,22667108,1983,11310479,0,5EWwdZB7qCCMaAso5Mzcks4UUcPxKYvpAj32t5Mg1v6HSxoF,1.00
2026-06-21 12:34:42.000,miners,1,213,27120,11925,8521,0,0,0.395,79,0,5EWwdZB7qCCMaAso5Mzcks4UUcPxKYvpAj32t5Mg1v6HSxoF,0,84.32.70.8:9001,184315,43.1,bittensor,0.000735,0,0.500,16072,6705,miners,79,98,184315,43.1,1,4.21e-12,3858070,0,0,0.406,20260614_1422,validator_metrics,3471304,3337,1526393,0,5EWwdZB7qCCMaAso5Mzcks4UUcPxKYvpAj32t5Mg1v6HSxoF,1.00
2026-06-21 12:34:42.000,miners,1,214,191882,92116,10911,0,0,0.398,79,0,5EWwdZB7qCCMaAso5Mzcks4UUcPxKYvpAj32t5Mg1v6HSxoF,0,84.32.70.8:9001,101903,78.5,bittensor,0.0165,0,0.503,155707,74949,miners,79,25,101903,78.5,1,1.18e-10,3100580,0,0,1.52,20260614_1422,validator_metrics,24560864,14649,11790864,0,5EWwdZB7qCCMaAso5Mzcks4UUcPxKYvpAj32t5Mg1v6HSxoF,1.00
2026-06-21 12:34:42.000,miners,1,216,117120,46236,18419,0,0,0.394,79,0,5EWwdZB7qCCMaAso5Mzcks4UUcPxKYvpAj32t5Mg1v6HSxoF,0,84.32.70.8:9001,146394,98.9,bittensor,-0.00900,0,0.498,39395,3129,miners,79,181,146394,98.9,1,-5.26e-11,829639,0,0,0.123,20260614_1422,validator_metrics,14991396,3782,5918152,0,5EWwdZB7qCCMaAso5Mzcks4UUcPxKYvpAj32t5Mg1v6HSxoF,1.00
2026-06-21 12:34:42.000,miners,1,217,34949,15027,10113,0,0,0.396,79,0,5EWwdZB7qCCMaAso5Mzcks4UUcPxKYvpAj32t5Mg1v6HSxoF,0,84.32.70.8:9001,253174,46.5,bittensor,0.00795,0,0.502,20859,7575,miners,79,70,253174,46.5,1,5.59e-11,3375879,0,0,0.609,20260614_1422,validator_metrics,4473422,10189,1923392,0,5EWwdZB7qCCMaAso5Mzcks4UUcPxKYvpAj32t5Mg1v6HSxoF,1.00
2026-06-21 12:34:42.000,miners,1,22,201460,96990,11417,23.0,35.5,0.395,79,0,5EWwdZB7qCCMaAso5Mzcks4UUcPxKYvpAj32t5Mg1v6HSxoF,0,84.32.70.8:9001,89952,70.2,bittensor,0.00166,0,0.500,125395,57828,miners,79,108,89952,70.2,1,2.8e-11,2969800,15250,22400,0.350,20260614_1422,validator_metrics,25786838,11342,12414679,0,5EWwdZB7qCCMaAso5Mzcks4UUcPxKYvpAj32t5Mg1v6HSxoF,1.00
2026-06-21 12:34:42.000,miners,1,220,115723,51778,13764,0,0,0.398,79,0,5EWwdZB7qCCMaAso5Mzcks4UUcPxKYvpAj32t5Mg1v6HSxoF,0,84.32.70.8:9001,276993,80.9,bittensor,0.0204,0,0.504,34917,12783,miners,79,42,276993,80.9,1,5.46e-11,2284313,0,0,0.973,20260614_1422,validator_metrics,14812591,13965,6627573,0,5EWwdZB7qCCMaAso5Mzcks4UUcPxKYvpAj32t5Mg1v6HSxoF,1.00
2026-06-21 12:34:42.000,miners,1,221,108388,54142,8153,0,0,0.395,79,0,5EWwdZB7qCCMaAso5Mzcks4UUcPxKYvpAj32t5Mg1v6HSxoF,0,84.32.70.8:9001,-108244,45.8,bittensor,0.00193,0,0.500,89043,44445,miners,79,82,-108244,45.8,1,1.29e-12,3957580,0,0,0.498,20260614_1422,validator_metrics,13873629,106,6930120,0,5EWwdZB7qCCMaAso5Mzcks4UUcPxKYvpAj32t5Mg1v6HSxoF,1.00
2026-06-21 12:34:42.000,miners,1,223,474465,232919,11749,0,0,0.396,79,0,5EWwdZB7qCCMaAso5Mzcks4UUcPxKYvpAj32t5Mg1v6HSxoF,0,84.32.70.8:9001,281418,40.5,bittensor,0.00924,0,0.502,283469,130824,miners,79,66,281418,40.5,1,6.52e-11,2914489,0,0,0.679,20260614_1422,validator_metrics,60731485,45927,29813694,0,5EWwdZB7qCCMaAso5Mzcks4UUcPxKYvpAj32t5Mg1v6HSxoF,1.00
2026-06-21 12:34:42.000,miners,1,224,231628,109626,5060,0,0,0.395,79,0,5EWwdZB7qCCMaAso5Mzcks4UUcPxKYvpAj32t5Mg1v6HSxoF,0,84.32.70.8:9001,157179,25.9,bittensor,-0.000537,0,0.500,17911,4150,miners,79,120,157179,25.9,1,-3.11e-12,4913827,0,0,0.301,20260614_1422,validator_metrics,29648444,-35832,14032162,0,5EWwdZB7qCCMaAso5Mzcks4UUcPxKYvpAj32t5Mg1v6HSxoF,1.00
2026-06-21 12:34:42.000,miners,1,225,177015,77909,17361,0,0,0.392,79,0,5EWwdZB7qCCMaAso5Mzcks4UUcPxKYvpAj32t5Mg1v6HSxoF,0,84.32.70.8:9001,304365,92.8,bittensor,-0.0216,0,0.496,59317,10435,miners,79,185,304365,92.8,1,-1.55e-10,1222681,0,0,0.107,20260614_1422,validator_metrics,22657869,8920,9972370,0,5EWwdZB7qCCMaAso5Mzcks4UUcPxKYvpAj32t5Mg1v6HSxoF,1.00
2026-06-21 12:34:42.000,miners,1,228,150413,75132,8331,0,0,0.396,79,0,5EWwdZB7qCCMaAso5Mzcks4UUcPxKYvpAj32t5Mg1v6HSxoF,0,84.32.70.8:9001,184419,41.1,bittensor,0.00482,0,0.501,35617,17695,miners,79,23,184419,41.1,1,7.73e-12,3908492,0,0,1.69,20260614_1422,validator_metrics,19252886,543,9616910,0,5EWwdZB7qCCMaAso5Mzcks4UUcPxKYvpAj32t5Mg1v6HSxoF,1.00
2026-06-21 12:34:42.000,miners,1,229,178674,85249,5872,0,0,0.396,79,0,5EWwdZB7qCCMaAso5Mzcks4UUcPxKYvpAj32t5Mg1v6HSxoF,0,84.32.70.8:9001,120698,23.9,bittensor,0.00591,0,0.501,23272,8554,miners,79,28,120698,23.9,1,8.93e-12,4644145,0,0,1.32,20260614_1422,validator_metrics,22870310,-18189,10911843,0,5EWwdZB7qCCMaAso5Mzcks4UUcPxKYvpAj32t5Mg1v6HSxoF,1.00
2026-06-21 12:34:42.000,miners,1,23,236594,113919,6061,0,0,0.396,79,0,5EWwdZB7qCCMaAso5Mzcks4UUcPxKYvpAj32t5Mg1v6HSxoF,0,84.32.70.8:9001,164884,24.3,bittensor,0.00391,0,0.501,27477,1193,miners,79,49,164884,24.3,1,4.24e-12,4614255,0,0,0.877,20260614_1422,validator_metrics,30283994,-20744,14581597,0,5EWwdZB7qCCMaAso5Mzcks4UUcPxKYvpAj32t5Mg1v6HSxoF,1.00
2026-06-21 12:34:42.000,miners,1,232,277677,136547,7258,24.4,36.4,0.395,79,0,5EWwdZB7qCCMaAso5Mzcks4UUcPxKYvpAj32t5Mg1v6HSxoF,0,84.32.70.8:9001,4890,27.3,bittensor,-0.00245,0,0.500,192098,95819,miners,79,136,4890,27.3,1,-4.01e-11,4242440,12532,17982,0.252,20260614_1422,validator_metrics,35542658,-10296,17478070,0,5EWwdZB7qCCMaAso5Mzcks4UUcPxKYvpAj32t5Mg1v6HSxoF,1.00
2026-06-21 12:34:42.000,miners,1,234,25476,6168,6773,0,0,0.395,79,0,5EWwdZB7qCCMaAso5Mzcks4UUcPxKYvpAj32t5Mg1v6HSxoF,0,84.32.70.8:9001,179552,-57.6,bittensor,-0.00164,0,0.500,4373,570,miners,79,122,179552,-57.6,1,-8.07e-12,4387373,0,0,0.298,20260614_1422,validator_metrics,3260954,-2793,789488,0,5EWwdZB7qCCMaAso5Mzcks4UUcPxKYvpAj32t5Mg1v6HSxoF,1.00
2026-06-21 12:34:42.000,miners,1,235,186531,82800,17282,0,0,0.392,79,0,5EWwdZB7qCCMaAso5Mzcks4UUcPxKYvpAj32t5Mg1v6HSxoF,0,84.32.70.8:9001,279942,93.9,bittensor,-0.0172,0,0.497,51444,12904,miners,79,195,279942,93.9,1,-1.23e-10,1230098,0,0,0.0943,20260614_1422,validator_metrics,23876029,10790,10598403,0,5EWwdZB7qCCMaAso5Mzcks4UUcPxKYvpAj32t5Mg1v6HSxoF,1.00
2026-06-21 12:34:42.000,miners,1,236,13297,6558,8230,0,0,0.395,79,0,5EWwdZB7qCCMaAso5Mzcks4UUcPxKYvpAj32t5Mg1v6HSxoF,0,84.32.70.8:9001,198130,49.4,bittensor,-0.00177,0,0.500,6722,3229,miners,79,119,198130,49.4,1,-1.61e-12,3931850,0,0,0.301,20260614_1422,validator_metrics,1702061,-24.6,839456,0,5EWwdZB7qCCMaAso5Mzcks4UUcPxKYvpAj32t5Mg1v6HSxoF,1.00
2026-06-21 12:34:42.000,miners,1,237,207373,103576,8516,0,0,0.372,79,0,5EWwdZB7qCCMaAso5Mzcks4UUcPxKYvpAj32t5Mg1v6HSxoF,0,84.32.70.8:9001,228585,41.3,bittensor,0.0747,0.0419,0.471,987,407,miners,79,85,228585,41.3,1,1.27e-11,3862834,0,0,0.469,20260614_1422,validator_metrics,26543769,941,13257737,0,5EWwdZB7qCCMaAso5Mzcks4UUcPxKYvpAj32t5Mg1v6HSxoF,1.00
2026-06-21 12:34:42.000,miners,1,238,202248,96732,5903,0,0,0.396,79,0,5EWwdZB7qCCMaAso5Mzcks4UUcPxKYvpAj32t5Mg1v6HSxoF,0,84.32.70.8:9001,131936,21.5,bittensor,0.00468,0,0.501,21178,4028,miners,79,63,131936,21.5,1,8.78e-12,4630798,0,0,0.700,20260614_1422,validator_metrics,25887801,-20283,12381636,0,5EWwdZB7qCCMaAso5Mzcks4UUcPxKYvpAj32t5Mg1v6HSxoF,1.00
2026-06-21 12:34:42.000,miners,1,24,357505,169419,55.1,0,0,0.392,79,0,5EWwdZB7qCCMaAso5Mzcks4UUcPxKYvpAj32t5Mg1v6HSxoF,0,84.32.70.8:9001,9750,0.214,bittensor,-0.00687,0.00229,0.496,220663,98500,miners,79,182,9750,0.214,1,-5.37e-11,6277696,0,0,0.122,20260614_1422,validator_metrics,45760651,-7117,21685667,0,5EWwdZB7qCCMaAso5Mzcks4UUcPxKYvpAj32t5Mg1v6HSxoF,1.00
2026-06-21 12:34:42.000,miners,1,240,168640,73451,17340,0,0,0.391,79,0,5EWwdZB7qCCMaAso5Mzcks4UUcPxKYvpAj32t5Mg1v6HSxoF,0,84.32.70.8:9001,282709,93.6,bittensor,-0.0230,0,0.495,146919,60624,miners,79,191,282709,93.6,1,-1.6e-10,1216839,0,0,0.0991,20260614_1422,validator_metrics,21585951,12734,9401775,0,5EWwdZB7qCCMaAso5Mzcks4UUcPxKYvpAj32t5Mg1v6HSxoF,1.00
2026-06-21 12:34:42.000,miners,1,241,316350,151072,2485,0,0,0.392,79,0,5EWwdZB7qCCMaAso5Mzcks4UUcPxKYvpAj32t5Mg1v6HSxoF,0,84.32.70.8:9001,-371831,8.86,bittensor,-0.0163,0,0.497,103988,51279,miners,79,177,-371831,8.86,1,-2.44e-10,5549255,0,0,0.125,20260614_1422,validator_metrics,40492760,-48835,19337166,0,5EWwdZB7qCCMaAso5Mzcks4UUcPxKYvpAj32t5Mg1v6HSxoF,1.00
2026-06-21 12:34:42.000,miners,1,242,486778,243374,8137,0,0,0.441,79,0,5EWwdZB7qCCMaAso5Mzcks4UUcPxKYvpAj32t5Mg1v6HSxoF,0,84.32.70.8:9001,127194,37.0,bittensor,0.292,0,0.558,353059,176532,miners,79,2,127194,37.0,1,6.77e-11,3969849,0,0,16.1,20260614_1422,validator_metrics,62307567,4451,31151885,0,5EWwdZB7qCCMaAso5Mzcks4UUcPxKYvpAj32t5Mg1v6HSxoF,1.00
2026-06-21 12:34:42.000,miners,1,243,263364,124523,14642,0,0,0.402,79,0,5EWwdZB7qCCMaAso5Mzcks4UUcPxKYvpAj32t5Mg1v6HSxoF,0,84.32.70.8:9001,330035,88.7,bittensor,0.0461,0,0.509,57111,13321,miners,79,9,330035,88.7,1,1.88e-10,2066870,0,0,3.75,20260614_1422,validator_metrics,33710597,27904,15938963,0,5EWwdZB7qCCMaAso5Mzcks4UUcPxKYvpAj32t5Mg1v6HSxoF,1.00
2026-06-21 12:34:42.000,miners,1,245,37242,18580,8249,0,0,0.395,79,0,5EWwdZB7qCCMaAso5Mzcks4UUcPxKYvpAj32t5Mg1v6HSxoF,0,84.32.70.8:9001,215036,43.6,bittensor,-0.000562,0,0.500,23102,11517,miners,79,127,215036,43.6,1,-4.74e-13,3925970,0,0,0.283,20260614_1422,validator_metrics,4766952,93.5,2378271,0,5EWwdZB7qCCMaAso5Mzcks4UUcPxKYvpAj32t5Mg1v6HSxoF,1.00
2026-06-21 12:34:42.000,miners,1,246,100837,45967,7653,0,0,0.394,79,0,5EWwdZB7qCCMaAso5Mzcks4UUcPxKYvpAj32t5Mg1v6HSxoF,0,84.32.70.8:9001,120875,20.7,bittensor,-0.00820,0,0.498,69339,30021,miners,79,150,120875,20.7,1,-9.28e-11,4152492,0,0,0.188,20260614_1422,validator_metrics,12907102,-19943,5883761,0,5EWwdZB7qCCMaAso5Mzcks4UUcPxKYvpAj32t5Mg1v6HSxoF,1.00
2026-06-21 12:34:42.000,miners,1,247,136394,68092,8523,0,0,0.395,79,0,5EWwdZB7qCCMaAso5Mzcks4UUcPxKYvpAj32t5Mg1v6HSxoF,0,84.32.70.8:9001,-154357,53.2,bittensor,0.000510,0,0.500,115447,57632,miners,79,94,-154357,53.2,1,5.7e-13,3847415,0,0,0.413,20260614_1422,validator_metrics,17458434,373,8715816,0,5EWwdZB7qCCMaAso5Mzcks4UUcPxKYvpAj32t5Mg1v6HSxoF,1.00
2026-06-21 12:34:42.000,miners,1,248,277842,138860,8342,0,0,0.403,79,0,5EWwdZB7qCCMaAso5Mzcks4UUcPxKYvpAj32t5Mg1v6HSxoF,0,84.32.70.8:9001,-28862,42.9,bittensor,0.0503,0,0.510,178816,89379,miners,79,12,-28862,42.9,1,3.82e-11,3897360,0,0,2.77,20260614_1422,validator_metrics,35563809,2783,17774143,0,5EWwdZB7qCCMaAso5Mzcks4UUcPxKYvpAj32t5Mg1v6HSxoF,1.00
2026-06-21 12:34:42.000,miners,1,249,78540,39173,8394,0,0,0.396,79,0,5EWwdZB7qCCMaAso5Mzcks4UUcPxKYvpAj32t5Mg1v6HSxoF,0,84.32.70.8:9001,-201721,27.7,bittensor,0.00742,0,0.501,59711,29687,miners,79,44,-201721,27.7,1,2.38e-12,3881963,0,0,0.947,20260614_1422,validator_metrics,10053114,-19.3,5014158,0,5EWwdZB7qCCMaAso5Mzcks4UUcPxKYvpAj32t5Mg1v6HSxoF,1.00
2026-06-21 12:34:42.000,miners,1,25,237774,114070,7504,21.8,32.9,0.393,79,0,5EWwdZB7qCCMaAso5Mzcks4UUcPxKYvpAj32t5Mg1v6HSxoF,0,84.32.70.8:9001,83150,21.5,bittensor,-0.0119,0,0.498,204136,97911,miners,79,164,83150,21.5,1,-1.04e-10,4219757,5721,9647,0.150,20260614_1422,validator_metrics,30435019,-12462,14600904,0,5EWwdZB7qCCMaAso5Mzcks4UUcPxKYvpAj32t5Mg1v6HSxoF,1.00
2026-06-21 12:34:42.000,miners,1,250,205521,99830,10342,0,0,0.396,79,0,5EWwdZB7qCCMaAso5Mzcks4UUcPxKYvpAj32t5Mg1v6HSxoF,0,84.32.70.8:9001,112236,51.8,bittensor,0.00651,0,0.501,154223,73229,miners,79,73,112236,51.8,1,5.21e-11,3280435,0,0,0.559,20260614_1422,validator_metrics,26306677,13002,12778179,0,5EWwdZB7qCCMaAso5Mzcks4UUcPxKYvpAj32t5Mg1v6HSxoF,1.00
2026-06-21 12:34:42.000,miners,1,252,315760,157388,8396,0,0,0.402,79,0,5EWwdZB7qCCMaAso5Mzcks4UUcPxKYvpAj32t5Mg1v6HSxoF,0,84.32.70.8:9001,89982,41.6,bittensor,0.0449,0,0.509,222067,110996,miners,79,15,89982,41.6,1,3.43e-11,3867951,0,0,2.26,20260614_1422,validator_metrics,40417338,2748,20145686,0,5EWwdZB7qCCMaAso5Mzcks4UUcPxKYvpAj32t5Mg1v6HSxoF,1.00
2026-06-21 12:34:42.000,miners,1,256,329100,161841,8636,0,0,0.395,79,4.47e-11,5EWwdZB7qCCMaAso5Mzcks4UUcPxKYvpAj32t5Mg1v6HSxoF,0,84.32.70.8:9001,63689,64.4,bittensor,-0.00197,0,0.500,287225,142465,miners,79,125,65538,64.4,1,-3.04e-11,3769860,0,0,0.284,20260614_1422,validator_metrics,42124782,-590,20715682,0,5EWwdZB7qCCMaAso5Mzcks4UUcPxKYvpAj32t5Mg1v6HSxoF,1.00
2026-06-21 12:34:42.000,miners,1,26,116902,55462,8756,0,0,0.394,79,0,5EWwdZB7qCCMaAso5Mzcks4UUcPxKYvpAj32t5Mg1v6HSxoF,0,84.32.70.8:9001,190068,48.3,bittensor,-0.00668,0,0.499,9997,4974,miners,79,146,190068,48.3,1,-5.41e-11,3769956,0,0,0.203,20260614_1422,validator_metrics,14963440,-10083,7099120,0,5EWwdZB7qCCMaAso5Mzcks4UUcPxKYvpAj32t5Mg1v6HSxoF,1.00
2026-06-21 12:34:42.000,miners,1,28,84104,41968,8001,0,0,0.390,79,0,5EWwdZB7qCCMaAso5Mzcks4UUcPxKYvpAj32t5Mg1v6HSxoF,0,84.32.70.8:9001,69560,36.2,bittensor,-0.0338,0,0.493,20984,10378,miners,79,199,69560,36.2,1,-6.21e-11,3996491,0,0,0.0823,20260614_1422,validator_metrics,10765251,-4170,5371850,0,5EWwdZB7qCCMaAso5Mzcks4UUcPxKYvpAj32t5Mg1v6HSxoF,1.00
2026-06-21 12:34:42.000,miners,1,29,176209,84317,10523,0,0,0.394,79,0,5EWwdZB7qCCMaAso5Mzcks4UUcPxKYvpAj32t5Mg1v6HSxoF,0,84.32.70.8:9001,214061,58.1,bittensor,-0.00322,0,0.499,5680,2549,miners,79,132,214061,58.1,1,-1.48e-11,3249937,0,0,0.266,20260614_1422,validator_metrics,22554691,-4776,10792590,0,5EWwdZB7qCCMaAso5Mzcks4UUcPxKYvpAj32t5Mg1v6HSxoF,1.00
2026-06-21 12:34:42.000,miners,1,3,460644,218965,17430,0,0,0.393,79,0,5EWwdZB7qCCMaAso5Mzcks4UUcPxKYvpAj32t5Mg1v6HSxoF,0,84.32.70.8:9001,61374,91.5,bittensor,-0.0151,0,0.497,340987,155094,miners,79,186,61374,91.5,1,-1.11e-10,1029716,0,0,0.107,20260614_1422,validator_metrics,58962386,10091,28027534,0,5EWwdZB7qCCMaAso5Mzcks4UUcPxKYvpAj32t5Mg1v6HSxoF,1.00
2026-06-21 12:34:42.000,miners,1,30,63750,27400,7115,30.5,45.6,0.395,79,0,5EWwdZB7qCCMaAso5Mzcks4UUcPxKYvpAj32t5Mg1v6HSxoF,0,84.32.70.8:9001,168973,33.9,bittensor,0.000956,0,0.500,46759,18346,miners,79,91,168973,33.9,1,1.87e-12,4335529,4503,6994,0.444,20260614_1422,validator_metrics,8160035,1330,3507167,0,5EWwdZB7qCCMaAso5Mzcks4UUcPxKYvpAj32t5Mg1v6HSxoF,1.00
2026-06-21 12:34:42.000,miners,1,31,210323,100862,6904,20.9,33.6,0.394,79,0,5EWwdZB7qCCMaAso5Mzcks4UUcPxKYvpAj32t5Mg1v6HSxoF,0,84.32.70.8:9001,165726,21.5,bittensor,-0.00673,0,0.499,164192,76841,miners,79,140,165726,21.5,1,-7.24e-11,4385199,7144,10315,0.234,20260614_1422,validator_metrics,26921389,-16555,12910336,0,5EWwdZB7qCCMaAso5Mzcks4UUcPxKYvpAj32t5Mg1v6HSxoF,1.00
2026-06-21 12:34:42.000,miners,1,34,67423,28874,7704,23.9,35.2,0.395,79,0,5EWwdZB7qCCMaAso5Mzcks4UUcPxKYvpAj32t5Mg1v6HSxoF,0,84.32.70.8:9001,179293,23.8,bittensor,-0.000655,0,0.500,50724,22222,miners,79,118,179293,23.8,1,-3.3e-12,4162495,4696,6873,0.306,20260614_1422,validator_metrics,8630174,-535,3695872,0,5EWwdZB7qCCMaAso5Mzcks4UUcPxKYvpAj32t5Mg1v6HSxoF,1.00
2026-06-21 12:34:42.000,miners,1,37,387042,191284,8780,0,0,0.392,79,0,5EWwdZB7qCCMaAso5Mzcks4UUcPxKYvpAj32t5Mg1v6HSxoF,0,84.32.70.8:9001,224662,32.5,bittensor,-0.0199,0,0.496,131603,65194,miners,79,179,224662,32.5,1,-1.28e-10,3763689,0,0,0.124,20260614_1422,validator_metrics,49541433,-1776,24484336,0,5EWwdZB7qCCMaAso5Mzcks4UUcPxKYvpAj32t5Mg1v6HSxoF,1.00
2026-06-21 12:34:42.000,miners,1,39,265487,130733,7506,21.4,32.5,0.394,79,0,5EWwdZB7qCCMaAso5Mzcks4UUcPxKYvpAj32t5Mg1v6HSxoF,0,84.32.70.8:9001,-16575,36.1,bittensor,-0.00319,0,0.499,194547,96458,miners,79,138,-16575,36.1,1,-5.6e-11,4161704,10974,16386,0.246,20260614_1422,validator_metrics,33982330,-11016,16733764,0,5EWwdZB7qCCMaAso5Mzcks4UUcPxKYvpAj32t5Mg1v6HSxoF,1.00
2026-06-21 12:34:42.000,miners,1,4,291815,144150,8238,0,0,0.400,79,0,5EWwdZB7qCCMaAso5Mzcks4UUcPxKYvpAj32t5Mg1v6HSxoF,0,84.32.70.8:9001,87263,48.3,bittensor,0.0328,0,0.507,191620,93845,miners,79,20,87263,48.3,1,3.26e-11,3916804,0,0,1.84,20260614_1422,validator_metrics,37352345,2436,18451182,0,5EWwdZB7qCCMaAso5Mzcks4UUcPxKYvpAj32t5Mg1v6HSxoF,1.00
2026-06-21 12:34:42.000,miners,1,40,96489,43863,7465,15.1,22.7,0.393,79,0,5EWwdZB7qCCMaAso5Mzcks4UUcPxKYvpAj32t5Mg1v6HSxoF,0,84.32.70.8:9001,56906,23.4,bittensor,-0.0117,0,0.498,68710,28885,miners,79,166,56906,23.4,1,-7.53e-11,4225447,3756,5582,0.144,20260614_1422,validator_metrics,12350592,-16710,5614463,0,5EWwdZB7qCCMaAso5Mzcks4UUcPxKYvpAj32t5Mg1v6HSxoF,1.00
2026-06-21 12:34:42.000,miners,1,41,157024,66336,18492,0,0,0.390,79,0,5EWwdZB7qCCMaAso5Mzcks4UUcPxKYvpAj32t5Mg1v6HSxoF,0,84.32.70.8:9001,216566,98.9,bittensor,-0.0336,0,0.493,38864,3360,miners,79,201,216566,98.9,1,-2.43e-10,823690,0,0,0.0747,20260614_1422,validator_metrics,20099018,983,8490952,0,5EWwdZB7qCCMaAso5Mzcks4UUcPxKYvpAj32t5Mg1v6HSxoF,1.00
2026-06-21 12:34:42.000,miners,1,42,174435,79797,12177,0,0,0,79,1.000,5EWwdZB7qCCMaAso5Mzcks4UUcPxKYvpAj32t5Mg1v6HSxoF,0,84.32.70.8:9001,122850,117,bittensor,None,0,0,136398,57135,miners,79,211,122850,117,1,0,2809998,0,0,0.0476,20260614_1422,validator_metrics,22327713,0,10214050,0,5EWwdZB7qCCMaAso5Mzcks4UUcPxKYvpAj32t5Mg1v6HSxoF,1.00
2026-06-21 12:34:42.000,miners,1,44,66633,33266,8551,0,0,0.395,79,0,5EWwdZB7qCCMaAso5Mzcks4UUcPxKYvpAj32t5Mg1v6HSxoF,0,84.32.70.8:9001,-104535,34.4,bittensor,0.0000798,0,0.500,31727,15793,miners,79,116,-104535,34.4,1,2.06e-14,3835535,0,0,0.311,20260614_1422,validator_metrics,8529013,90.1,4258108,0,5EWwdZB7qCCMaAso5Mzcks4UUcPxKYvpAj32t5Mg1v6HSxoF,1.00
2026-06-21 12:34:42.000,miners,1,46,275901,131947,5270,0,0,0.395,79,0,5EWwdZB7qCCMaAso5Mzcks4UUcPxKYvpAj32t5Mg1v6HSxoF,0,84.32.70.8:9001,181857,29.1,bittensor,-0.000962,0,0.500,69385,19803,miners,79,106,181857,29.1,1,-6.14e-12,4905734,0,0,0.353,20260614_1422,validator_metrics,35315373,-21976,16889200,0,5EWwdZB7qCCMaAso5Mzcks4UUcPxKYvpAj32t5Mg1v6HSxoF,1.00
2026-06-21 12:34:42.000,miners,1,47,152882,76275,7986,0,0,0.396,79,0,5EWwdZB7qCCMaAso5Mzcks4UUcPxKYvpAj32t5Mg1v6HSxoF,0,84.32.70.8:9001,-166296,36.2,bittensor,0.00823,0,0.502,122596,61196,miners,79,69,-166296,36.2,1,9.49e-12,4008118,0,0,0.613,20260614_1422,validator_metrics,19568873,207,9763223,0,5EWwdZB7qCCMaAso5Mzcks4UUcPxKYvpAj32t5Mg1v6HSxoF,1.00
2026-06-21 12:34:42.000,miners,1,48,111399,52951,8728,0,0,0.395,79,0,5EWwdZB7qCCMaAso5Mzcks4UUcPxKYvpAj32t5Mg1v6HSxoF,0,84.32.70.8:9001,186983,37.4,bittensor,-0.00298,0,0.499,11096,3601,miners,79,129,186983,37.4,1,-9.04e-12,3790204,0,0,0.270,20260614_1422,validator_metrics,14259073,-10024,6777684,0,5EWwdZB7qCCMaAso5Mzcks4UUcPxKYvpAj32t5Mg1v6HSxoF,1.00
2026-06-21 12:34:42.000,miners,1,49,316539,151821,9239,0,0,0.393,79,0,5EWwdZB7qCCMaAso5Mzcks4UUcPxKYvpAj32t5Mg1v6HSxoF,0,84.32.70.8:9001,230669,45.2,bittensor,-0.0117,0,0.498,204223,94729,miners,79,121,230669,45.2,1,-7.56e-11,3566900,0,0,0.298,20260614_1422,validator_metrics,40517029,9565,19433151,0,5EWwdZB7qCCMaAso5Mzcks4UUcPxKYvpAj32t5Mg1v6HSxoF,1.00
2026-06-21 12:34:42.000,miners,1,5,180381,87318,10262,0,0,0.396,79,0,5EWwdZB7qCCMaAso5Mzcks4UUcPxKYvpAj32t5Mg1v6HSxoF,0,84.32.70.8:9001,106199,61.4,bittensor,0.00585,0,0.501,138422,64743,miners,79,80,106199,61.4,1,3.63e-11,3300917,0,0,0.509,20260614_1422,validator_metrics,23088725,11181,11176698,0,5EWwdZB7qCCMaAso5Mzcks4UUcPxKYvpAj32t5Mg1v6HSxoF,1.00
2026-06-21 12:34:42.000,miners,1,50,161112,78067,6685,18.5,27.2,0.394,79,0,5EWwdZB7qCCMaAso5Mzcks4UUcPxKYvpAj32t5Mg1v6HSxoF,0,84.32.70.8:9001,201890,19.0,bittensor,-0.00532,0,0.499,131903,65108,miners,79,148,201890,19.0,1,-7.86e-11,4432601,10379,15462,0.197,20260614_1422,validator_metrics,20622285,-15345,9992605,0,5EWwdZB7qCCMaAso5Mzcks4UUcPxKYvpAj32t5Mg1v6HSxoF,1.00
2026-06-21 12:34:42.000,miners,1,51,102839,48206,10491,0,0,0.396,79,0,5EWwdZB7qCCMaAso5Mzcks4UUcPxKYvpAj32t5Mg1v6HSxoF,0,84.32.70.8:9001,125836,51.6,bittensor,0.00824,0,0.502,39414,12694,miners,79,67,125836,51.6,1,8.15e-11,3277213,0,0,0.639,20260614_1422,validator_metrics,13163421,15441,6170354,0,5EWwdZB7qCCMaAso5Mzcks4UUcPxKYvpAj32t5Mg1v6HSxoF,1.00
2026-06-21 12:34:42.000,miners,1,52,29329,14517,8573,0,0,0.395,79,0,5EWwdZB7qCCMaAso5Mzcks4UUcPxKYvpAj32t5Mg1v6HSxoF,0,84.32.70.8:9001,198087,51.3,bittensor,0.000567,0,0.500,13150,6415,miners,79,99,198087,51.3,1,7.51e-13,3830684,0,0,0.396,20260614_1422,validator_metrics,3754055,473,1858204,0,5EWwdZB7qCCMaAso5Mzcks4UUcPxKYvpAj32t5Mg1v6HSxoF,1.00
2026-06-21 12:34:42.000,miners,1,53,165507,81141,7208,38.7,58.8,0.395,79,0,5EWwdZB7qCCMaAso5Mzcks4UUcPxKYvpAj32t5Mg1v6HSxoF,0,84.32.70.8:9001,215530,46.8,bittensor,0.000470,0,0.500,105840,52888,miners,79,100,215530,46.8,1,3.12e-12,4277953,6762,10551,0.386,20260614_1422,validator_metrics,21184903,-2433,10386087,0,5EWwdZB7qCCMaAso5Mzcks4UUcPxKYvpAj32t5Mg1v6HSxoF,1.00
2026-06-21 12:34:42.000,miners,1,55,202622,99684,7397,42.5,64.3,0.395,79,0,5EWwdZB7qCCMaAso5Mzcks4UUcPxKYvpAj32t5Mg1v6HSxoF,0,84.32.70.8:9001,166541,40.7,bittensor,0.000440,0,0.500,136164,67675,miners,79,107,166541,40.7,1,3.02e-12,4206464,9602,14864,0.352,20260614_1422,validator_metrics,25935679,-1837,12759524,0,5EWwdZB7qCCMaAso5Mzcks4UUcPxKYvpAj32t5Mg1v6HSxoF,1.00
2026-06-21 12:34:42.000,miners,1,57,166183,77231,13346,0,0,0.397,79,0,5EWwdZB7qCCMaAso5Mzcks4UUcPxKYvpAj32t5Mg1v6HSxoF,0,84.32.70.8:9001,301893,77.0,bittensor,0.0150,0,0.503,36506,5685,miners,79,41,301893,77.0,1,4.86e-11,2423336,0,0,0.978,20260614_1422,validator_metrics,21271381,15725,9885522,0,5EWwdZB7qCCMaAso5Mzcks4UUcPxKYvpAj32t5Mg1v6HSxoF,1.00
2026-06-21 12:34:42.000,miners,1,59,168954,81896,10122,0,0,0.396,79,0,5EWwdZB7qCCMaAso5Mzcks4UUcPxKYvpAj32t5Mg1v6HSxoF,0,84.32.70.8:9001,115342,61.7,bittensor,0.00677,0,0.501,124163,59095,miners,79,72,115342,61.7,1,5.43e-11,3349272,0,0,0.582,20260614_1422,validator_metrics,21626085,9792,10482750,0,5EWwdZB7qCCMaAso5Mzcks4UUcPxKYvpAj32t5Mg1v6HSxoF,1.00
2026-06-21 12:34:42.000,miners,1,6,88161,39630,7289,12.9,20.8,0.393,79,0,5EWwdZB7qCCMaAso5Mzcks4UUcPxKYvpAj32t5Mg1v6HSxoF,0,84.32.70.8:9001,166644,27.8,bittensor,-0.0134,0,0.497,69972,30572,miners,79,172,166644,27.8,1,-1.2e-10,4278675,5861,9070,0.134,20260614_1422,validator_metrics,11284595,-11726,5072656,0,5EWwdZB7qCCMaAso5Mzcks4UUcPxKYvpAj32t5Mg1v6HSxoF,1.00
2026-06-21 12:34:42.000,miners,1,61,284512,141093,8095,22.1,34.7,0.396,79,0,5EWwdZB7qCCMaAso5Mzcks4UUcPxKYvpAj32t5Mg1v6HSxoF,0,84.32.70.8:9001,-245736,17.6,bittensor,0.00390,0,0.501,221721,109947,miners,79,87,-245736,17.6,1,1.28e-11,3930906,10317,15865,0.458,20260614_1422,validator_metrics,36417507,4324,18059886,0,5EWwdZB7qCCMaAso5Mzcks4UUcPxKYvpAj32t5Mg1v6HSxoF,1.00
2026-06-21 12:34:42.000,miners,1,62,120023,55531,6852,27.8,42.1,0.393,79,0,5EWwdZB7qCCMaAso5Mzcks4UUcPxKYvpAj32t5Mg1v6HSxoF,0,84.32.70.8:9001,198155,23.4,bittensor,-0.0150,0,0.497,77880,35891,miners,79,183,198155,23.4,1,-1.24e-10,4423491,4136,6535,0.119,20260614_1422,validator_metrics,15362998,-7254,7107958,0,5EWwdZB7qCCMaAso5Mzcks4UUcPxKYvpAj32t5Mg1v6HSxoF,1.00
2026-06-21 12:34:42.000,miners,1,63,152395,73123,10900,0.515,1.02,0.395,79,0,5EWwdZB7qCCMaAso5Mzcks4UUcPxKYvpAj32t5Mg1v6HSxoF,0,84.32.70.8:9001,93918,48.5,bittensor,0.000369,0,0.500,106370,48685,miners,79,115,93918,48.5,1,4.75e-12,3131732,10431,16194,0.313,20260614_1422,validator_metrics,19506497,5828,9359685,0,5EWwdZB7qCCMaAso5Mzcks4UUcPxKYvpAj32t5Mg1v6HSxoF,1.00
2026-06-21 12:34:42.000,miners,1,64,217434,104446,6837,25.4,40.1,0.393,79,0,5EWwdZB7qCCMaAso5Mzcks4UUcPxKYvpAj32t5Mg1v6HSxoF,0,84.32.70.8:9001,166045,11.1,bittensor,-0.0114,0,0.498,165803,79358,miners,79,159,166045,11.1,1,-9.08e-11,4409474,6707,9872,0.162,20260614_1422,validator_metrics,27831507,-16366,13369096,0,5EWwdZB7qCCMaAso5Mzcks4UUcPxKYvpAj32t5Mg1v6HSxoF,1.00
2026-06-21 12:34:42.000,miners,1,65,99438,45788,10630,0,0,0.396,79,0,5EWwdZB7qCCMaAso5Mzcks4UUcPxKYvpAj32t5Mg1v6HSxoF,0,84.32.70.8:9001,143898,53.1,bittensor,0.00930,0,0.502,51501,22104,miners,79,56,143898,53.1,1,4.7e-11,3250659,0,0,0.787,20260614_1422,validator_metrics,12728024,14777,5860889,0,5EWwdZB7qCCMaAso5Mzcks4UUcPxKYvpAj32t5Mg1v6HSxoF,1.00
2026-06-21 12:34:42.000,miners,1,66,161762,76429,7864,22.5,34.2,0.394,79,0,5EWwdZB7qCCMaAso5Mzcks4UUcPxKYvpAj32t5Mg1v6HSxoF,0,84.32.70.8:9001,173848,42.1,bittensor,-0.00563,0,0.499,125564,58280,miners,79,147,173848,42.1,1,-5.82e-11,4124095,6092,9561,0.197,20260614_1422,validator_metrics,20705504,-11154,9782932,0,5EWwdZB7qCCMaAso5Mzcks4UUcPxKYvpAj32t5Mg1v6HSxoF,1.00
2026-06-21 12:34:42.000,miners,1,67,26884,11526,8498,0,0,0.395,79,0,5EWwdZB7qCCMaAso5Mzcks4UUcPxKYvpAj32t5Mg1v6HSxoF,0,84.32.70.8:9001,184938,43.4,bittensor,0.00297,0,0.501,16877,6441,miners,79,86,184938,43.4,1,1.18e-11,3864648,0,0,0.465,20260614_1422,validator_metrics,3441187,4366,1475360,0,5EWwdZB7qCCMaAso5Mzcks4UUcPxKYvpAj32t5Mg1v6HSxoF,1.00
2026-06-21 12:34:42.000,miners,1,69,108241,54044,8303,0,0,0.395,79,0,5EWwdZB7qCCMaAso5Mzcks4UUcPxKYvpAj32t5Mg1v6HSxoF,0,84.32.70.8:9001,-109048,44.3,bittensor,0.00231,0,0.500,80585,40072,miners,79,96,-109048,44.3,1,2.42e-12,3908061,0,0,0.408,20260614_1422,validator_metrics,13854853,35.7,6917630,0,5EWwdZB7qCCMaAso5Mzcks4UUcPxKYvpAj32t5Mg1v6HSxoF,1.00
2026-06-21 12:34:42.000,miners,1,7,256592,124066,7884,3.88,6.09,0.393,79,0,5EWwdZB7qCCMaAso5Mzcks4UUcPxKYvpAj32t5Mg1v6HSxoF,0,84.32.70.8:9001,150667,35.4,bittensor,-0.0108,0,0.498,178146,88536,miners,79,161,150667,35.4,1,-1.05e-10,4068270,6258,9633,0.154,20260614_1422,validator_metrics,32843820,-16124,15880501,0,5EWwdZB7qCCMaAso5Mzcks4UUcPxKYvpAj32t5Mg1v6HSxoF,1.00
2026-06-21 12:34:42.000,miners,1,70,208580,101369,10500,0,0,0.396,79,0,5EWwdZB7qCCMaAso5Mzcks4UUcPxKYvpAj32t5Mg1v6HSxoF,0,84.32.70.8:9001,112152,53.2,bittensor,0.00949,0,0.502,162716,78355,miners,79,59,112152,53.2,1,6.87e-11,3229388,0,0,0.761,20260614_1422,validator_metrics,26698255,13986,12975222,0,5EWwdZB7qCCMaAso5Mzcks4UUcPxKYvpAj32t5Mg1v6HSxoF,1.00
2026-06-21 12:34:42.000,miners,1,71,176458,83672,8266,0,0,0.394,79,0,5EWwdZB7qCCMaAso5Mzcks4UUcPxKYvpAj32t5Mg1v6HSxoF,0,84.32.70.8:9001,146640,32.7,bittensor,-0.00921,0,0.498,130417,60392,miners,79,156,146640,32.7,1,-1.08e-10,3973237,0,0,0.172,20260614_1422,validator_metrics,22586613,-16313,10709968,0,5EWwdZB7qCCMaAso5Mzcks4UUcPxKYvpAj32t5Mg1v6HSxoF,1.00
2026-06-21 12:34:42.000,miners,1,72,35292,16767,7895,0,0,0.395,79,0,5EWwdZB7qCCMaAso5Mzcks4UUcPxKYvpAj32t5Mg1v6HSxoF,0,84.32.70.8:9001,197728,42.3,bittensor,-0.000861,0,0.500,18019,8832,miners,79,109,197728,42.3,1,-3.32e-13,4046879,0,0,0.338,20260614_1422,validator_metrics,4517345,3226,2146181,0,5EWwdZB7qCCMaAso5Mzcks4UUcPxKYvpAj32t5Mg1v6HSxoF,1.00
2026-06-21 12:34:42.000,miners,1,75,114859,53164,6638,24.7,34.7,0.393,79,0,5EWwdZB7qCCMaAso5Mzcks4UUcPxKYvpAj32t5Mg1v6HSxoF,0,84.32.70.8:9001,210433,28.2,bittensor,-0.0115,0,0.498,79410,35873,miners,79,165,210433,28.2,1,-8.03e-11,4489030,4039,6121,0.147,20260614_1422,validator_metrics,14701952,-2272,6805022,0,5EWwdZB7qCCMaAso5Mzcks4UUcPxKYvpAj32t5Mg1v6HSxoF,1.00
2026-06-21 12:34:42.000,miners,1,76,113764,45855,17396,0,0,0.395,79,0,5EWwdZB7qCCMaAso5Mzcks4UUcPxKYvpAj32t5Mg1v6HSxoF,0,84.32.70.8:9001,147654,92.4,bittensor,0.00279,0,0.501,44907,7093,miners,79,103,147654,92.4,1,2.33e-11,1152635,0,0,0.369,20260614_1422,validator_metrics,14561757,14666,5869460,0,5EWwdZB7qCCMaAso5Mzcks4UUcPxKYvpAj32t5Mg1v6HSxoF,1.00
2026-06-21 12:34:42.000,miners,1,77,282885,140223,7793,20.2,29.7,0.396,79,0,5EWwdZB7qCCMaAso5Mzcks4UUcPxKYvpAj32t5Mg1v6HSxoF,0,84.32.70.8:9001,-231135,34.5,bittensor,0.00463,0,0.501,183751,91790,miners,79,89,-231135,34.5,1,1.13e-11,4045560,9461,14033,0.450,20260614_1422,validator_metrics,36209303,1400,17948494,0,5EWwdZB7qCCMaAso5Mzcks4UUcPxKYvpAj32t5Mg1v6HSxoF,1.00
2026-06-21 12:34:42.000,miners,1,78,273791,136289,8580,0,0,0.399,79,0,5EWwdZB7qCCMaAso5Mzcks4UUcPxKYvpAj32t5Mg1v6HSxoF,0,84.32.70.8:9001,91544,36.8,bittensor,0.0257,0,0.505,224415,111806,miners,79,22,91544,36.8,1,5.49e-11,3815497,0,0,1.73,20260614_1422,validator_metrics,35045279,5468,17445024,0,5EWwdZB7qCCMaAso5Mzcks4UUcPxKYvpAj32t5Mg1v6HSxoF,1.00
2026-06-21 12:34:42.000,miners,1,79,141559,65050,13377,0,0,0.398,79,0,5EWwdZB7qCCMaAso5Mzcks4UUcPxKYvpAj32t5Mg1v6HSxoF,0,84.32.70.8:9001,290177,77.8,bittensor,0.0169,0,0.503,77536,31762,miners,79,50,290177,77.8,1,4.61e-11,2404155,0,0,0.847,20260614_1422,validator_metrics,18119585,12047,8326407,0,5EWwdZB7qCCMaAso5Mzcks4UUcPxKYvpAj32t5Mg1v6HSxoF,1.00
2026-06-21 12:34:42.000,miners,1,8,238671,114945,6138,0,0,0.395,79,0,5EWwdZB7qCCMaAso5Mzcks4UUcPxKYvpAj32t5Mg1v6HSxoF,0,84.32.70.8:9001,167934,26.2,bittensor,0.000449,0,0.500,26912,912,miners,79,68,167934,26.2,1,-2.8e-12,4587054,0,0,0.628,20260614_1422,validator_metrics,30549905,-19184,14712961,0,5EWwdZB7qCCMaAso5Mzcks4UUcPxKYvpAj32t5Mg1v6HSxoF,1.00
2026-06-21 12:34:42.000,miners,1,80,272279,131217,7425,0,0,0.394,79,0,5EWwdZB7qCCMaAso5Mzcks4UUcPxKYvpAj32t5Mg1v6HSxoF,0,84.32.70.8:9001,244611,39.4,bittensor,-0.00905,0,0.498,45329,3570,miners,79,128,244611,39.4,1,-9e-12,4320327,0,0,0.281,20260614_1422,validator_metrics,34851720,-17432,16795729,0,5EWwdZB7qCCMaAso5Mzcks4UUcPxKYvpAj32t5Mg1v6HSxoF,1.00
2026-06-21 12:34:42.000,miners,1,81,177110,77960,17359,0,0,0.391,79,0,5EWwdZB7qCCMaAso5Mzcks4UUcPxKYvpAj32t5Mg1v6HSxoF,0,84.32.70.8:9001,301805,93.5,bittensor,-0.0282,0,0.494,49080,12715,miners,79,194,301805,93.5,1,-1.85e-10,1211392,0,0,0.0944,20260614_1422,validator_metrics,22670040,9130,9978845,0,5EWwdZB7qCCMaAso5Mzcks4UUcPxKYvpAj32t5Mg1v6HSxoF,1.00
2026-06-21 12:34:42.000,miners,1,82,133521,66628,8434,0,0,0.395,79,0,5EWwdZB7qCCMaAso5Mzcks4UUcPxKYvpAj32t5Mg1v6HSxoF,0,84.32.70.8:9001,-148157,33.9,bittensor,0.00189,0,0.500,113924,56697,miners,79,90,-148157,33.9,1,1.71e-12,3873768,0,0,0.449,20260614_1422,validator_metrics,17090707,293,8528376,0,5EWwdZB7qCCMaAso5Mzcks4UUcPxKYvpAj32t5Mg1v6HSxoF,1.00
2026-06-21 12:34:42.000,miners,1,84,182985,87948,7525,36.7,55.1,0.394,79,0,5EWwdZB7qCCMaAso5Mzcks4UUcPxKYvpAj32t5Mg1v6HSxoF,0,84.32.70.8:9001,182094,22.8,bittensor,-0.00508,0,0.499,151435,71248,miners,79,137,182094,22.8,1,-4.07e-11,4205507,11130,15746,0.251,20260614_1422,validator_metrics,23422085,-11330,11257299,0,5EWwdZB7qCCMaAso5Mzcks4UUcPxKYvpAj32t5Mg1v6HSxoF,1.00
2026-06-21 12:34:42.000,miners,1,85,149389,74182,8730,0,0,0.398,79,0,5EWwdZB7qCCMaAso5Mzcks4UUcPxKYvpAj32t5Mg1v6HSxoF,0,84.32.70.8:9001,-221282,43.1,bittensor,0.0190,0,0.504,118537,58966,miners,79,32,-221282,43.1,1,3.49e-11,3770587,0,0,1.17,20260614_1422,validator_metrics,19121775,3939,9495310,0,5EWwdZB7qCCMaAso5Mzcks4UUcPxKYvpAj32t5Mg1v6HSxoF,1.00
2026-06-21 12:34:42.000,miners,1,86,72310,31706,11958,1.37,2.27,0.397,79,0,5EWwdZB7qCCMaAso5Mzcks4UUcPxKYvpAj32t5Mg1v6HSxoF,0,84.32.70.8:9001,114600,70.3,bittensor,0.0104,0,0.502,55950,24091,miners,79,71,114600,70.3,1,6.72e-11,2801169,7577,11437,0.609,20260614_1422,validator_metrics,9255660,12721,4058310,0,5EWwdZB7qCCMaAso5Mzcks4UUcPxKYvpAj32t5Mg1v6HSxoF,1.00
2026-06-21 12:34:42.000,miners,1,87,148603,74183,8134,0,0,0.398,79,0,5EWwdZB7qCCMaAso5Mzcks4UUcPxKYvpAj32t5Mg1v6HSxoF,0,84.32.70.8:9001,-188863,49.7,bittensor,0.0177,0,0.504,114639,57108,miners,79,31,-188863,49.7,1,1.61e-11,3961688,0,0,1.28,20260614_1422,validator_metrics,19021145,1382,9495472,0,5EWwdZB7qCCMaAso5Mzcks4UUcPxKYvpAj32t5Mg1v6HSxoF,1.00
2026-06-21 12:34:42.000,miners,1,91,200988,96266,6799,16.5,23.5,0.393,79,0,5EWwdZB7qCCMaAso5Mzcks4UUcPxKYvpAj32t5Mg1v6HSxoF,0,84.32.70.8:9001,161455,26.0,bittensor,-0.0129,0,0.497,161240,77388,miners,79,170,161455,26.0,1,-9.55e-11,4425286,6886,10474,0.135,20260614_1422,validator_metrics,25726493,-15952,12322041,0,5EWwdZB7qCCMaAso5Mzcks4UUcPxKYvpAj32t5Mg1v6HSxoF,1.00
2026-06-21 12:34:42.000,miners,1,92,222271,105695,5941,0,0,0.396,79,0,5EWwdZB7qCCMaAso5Mzcks4UUcPxKYvpAj32t5Mg1v6HSxoF,0,84.32.70.8:9001,163038,39.6,bittensor,0.00397,0,0.501,12342,4270,miners,79,81,163038,39.6,1,3.95e-12,4688193,0,0,0.500,20260614_1422,validator_metrics,28450680,-27091,13528980,0,5EWwdZB7qCCMaAso5Mzcks4UUcPxKYvpAj32t5Mg1v6HSxoF,1.00
2026-06-21 12:34:42.000,miners,1,94,47621,20757,10535,0,0,0.396,79,0,5EWwdZB7qCCMaAso5Mzcks4UUcPxKYvpAj32t5Mg1v6HSxoF,0,84.32.70.8:9001,-212005,56.9,bittensor,0.00926,0,0.502,17178,6961,miners,79,64,-212005,56.9,1,2.98e-11,3225819,0,0,0.697,20260614_1422,validator_metrics,6095447,5420,2656880,0,5EWwdZB7qCCMaAso5Mzcks4UUcPxKYvpAj32t5Mg1v6HSxoF,1.00
2026-06-21 12:34:42.000,miners,1,96,200353,95979,7047,21.4,32.5,0.393,79,0,5EWwdZB7qCCMaAso5Mzcks4UUcPxKYvpAj32t5Mg1v6HSxoF,0,84.32.70.8:9001,171081,16.4,bittensor,-0.0122,0,0.498,162096,75569,miners,79,168,171081,16.4,1,-1.25e-10,4360361,6287,9033,0.139,20260614_1422,validator_metrics,25645129,-15949,12285328,0,5EWwdZB7qCCMaAso5Mzcks4UUcPxKYvpAj32t5Mg1v6HSxoF,1.00
2026-06-21 12:34:42.000,miners,1,97,158334,77511,7179,42.1,64.6,0.395,79,0,5EWwdZB7qCCMaAso5Mzcks4UUcPxKYvpAj32t5Mg1v6HSxoF,0,84.32.70.8:9001,186699,15.5,bittensor,0.000295,0,0.500,102856,51345,miners,79,113,186699,15.5,1,2.75e-12,4281722,7274,11451,0.322,20260614_1422,validator_metrics,20266742,-4635,9921372,0,5EWwdZB7qCCMaAso5Mzcks4UUcPxKYvpAj32t5Mg1v6HSxoF,1.00
2026-06-21 12:34:42.000,miners,1,98,310079,148371,14112,0,0,0.402,79,0,5EWwdZB7qCCMaAso5Mzcks4UUcPxKYvpAj32t5Mg1v6HSxoF,0,84.32.70.8:9001,334032,85.1,bittensor,0.0436,0,0.509,122624,46108,miners,79,10,334032,85.1,1,1.13e-10,2222373,0,0,3.08,20260614_1422,validator_metrics,39690056,24619,18991481,0,5EWwdZB7qCCMaAso5Mzcks4UUcPxKYvpAj32t5Mg1v6HSxoF,1.00
2026-06-21 12:34:42.000,miners,1,99,165499,76759,13477,0,0,0.398,79,0,5EWwdZB7qCCMaAso5Mzcks4UUcPxKYvpAj32t5Mg1v6HSxoF,0,84.32.70.8:9001,302452,79.1,bittensor,0.0190,0,0.504,33183,4206,miners,79,47,302452,79.1,1,4.68e-11,2382711,0,0,0.903,20260614_1422,validator_metrics,21183848,15074,9825137,0,5EWwdZB7qCCMaAso5Mzcks4UUcPxKYvpAj32t5Mg1v6HSxoF,1.00